image_index,mse,annotation
1,0.6348272,correct
2,0.53267455,correct
3,0.8621841,correct
4,0.24462983,correct
5,4.5505686,correct
6,0.30843097,correct
7,1.0169947,correct
8,3.0557644,correct
9,0.6373291,correct
10,0.72372,correct
11,0.39722496,correct
12,0.5644971,correct
13,491.82574,incorrect
14,1.1553714,correct
15,0.3595795,correct
16,0.31325716,correct
17,1.2967482,correct
18,0.30700725,correct
19,0.4121229,correct
20,0.2975474,correct
21,1.6726706,correct
22,1.6157005,correct
23,0.47391132,correct
24,0.32957774,correct
25,589.5812,incorrect
26,1.335,correct
27,0.72491693,correct
28,2599.653,incorrect
29,0.452815,correct
30,1.2205807,correct
31,1.2223151,correct
32,0.6276966,correct
33,1.648558,correct
34,0.24598789,correct
35,0.3879884,correct
36,0.5312738,correct
37,1.5036356,correct
38,1.0643051,correct
39,0.4016916,correct
40,314.75937,incorrect
41,0.68615496,correct
42,0.57097924,correct
43,2.1547463,correct
44,0.4563504,correct
45,0.4093726,correct
46,0.38463196,correct
47,0.6489175,correct
48,1.1039178,correct
49,0.2289334,correct
50,0.71564233,correct
51,433.2048,incorrect
52,0.9358404,correct
53,0.43737417,correct
54,1.0216293,correct
55,738.2908,incorrect
56,0.38877314,correct
57,0.4516344,correct
58,0.9300728,correct
59,1.0449731,correct
60,0.6407317,correct
61,0.29919237,correct
62,4.874547,correct
63,1.1482027,correct
64,1.122117,correct
65,0.4992517,correct
66,1.4030495,correct
67,0.7548808,correct
68,0.6963828,correct
69,0.3780605,correct
70,4.127208,correct
71,0.556344,correct
72,0.68572056,correct
73,0.38668266,correct
74,0.810619,correct
75,0.63814676,correct
76,0.6426932,correct
77,0.9712935,correct
78,0.5223367,correct
79,0.41327083,correct
80,0.43958363,correct
81,0.9906138,correct
82,0.35268366,correct
83,0.20825347,correct
84,0.55234605,correct
85,0.7632706,correct
86,0.50572866,correct
87,0.8346111,correct
88,0.7874998,correct
89,1.0823693,correct
90,1.2058274,correct
91,0.5028764,correct
92,0.82262063,correct
93,0.58395946,correct
94,0.31902283,correct
95,0.6653679,correct
96,0.8081821,correct
97,1.2747666,correct
98,0.5647441,correct
99,1.1494272,correct
100,2895.0837,incorrect
101,0.547335,correct
102,0.6404381,correct
103,0.8665638,correct
104,0.39483833,correct
105,603.493,incorrect
106,0.7209899,correct
107,0.6495113,correct
108,0.8091272,correct
109,0.41268796,correct
110,0.7546967,correct
111,1.927671,correct
112,0.26213008,correct
113,0.35877186,correct
114,0.45224172,correct
115,0.5694085,correct
116,1.1890937,correct
117,1.2535592,correct
118,0.4693431,correct
119,0.5611978,correct
120,0.5216191,correct
121,0.53816795,correct
122,0.31517115,correct
123,0.92044055,correct
124,1.5486418,correct
125,0.64589214,correct
126,0.4538455,correct
127,0.4012068,correct
128,0.19453463,correct
129,3492.0068,incorrect
130,0.6753373,correct
131,1.5041229,correct
132,1.247631,correct
133,0.7342657,correct
134,0.8324666,correct
135,0.5317219,correct
136,0.5017578,correct
137,0.58103496,correct
138,0.807135,correct
139,1.6296504,correct
140,0.6469557,correct
141,0.6249727,correct
142,0.4346252,correct
143,0.765833,correct
144,1.1162493,correct
145,0.712021,correct
146,1.0924128,correct
147,2.2984028,correct
148,19.690695,incorrect
149,1746.2612,incorrect
150,0.2955202,correct
151,0.7040118,correct
152,0.81985873,correct
153,0.7068449,correct
154,1.1200136,correct
155,0.5697012,correct
156,0.4402454,correct
157,0.74597687,correct
158,0.332429,correct
159,0.6981888,correct
160,0.5663862,correct
161,0.58058447,correct
162,0.3887442,correct
163,0.49206543,correct
164,1.4738739,correct
165,0.20524222,correct
166,0.42424625,correct
167,0.8948112,correct
168,0.22762126,correct
169,331.22305,incorrect
170,1.3700773,correct
171,0.7560912,correct
172,1.0480882,correct
173,0.99175763,correct
174,0.7606754,correct
175,2.945499,correct
176,1.1133095,correct
177,1.7536176,correct
178,0.2266318,correct
179,0.9998021,correct
180,6.963071,incorrect
181,0.6384268,correct
182,0.9690031,correct
183,3.7037365,correct
184,0.58412075,correct
185,0.9107719,correct
186,0.7181301,correct
187,0.480909,correct
188,0.53830326,correct
189,0.39281768,correct
190,0.95777225,correct
191,0.47484213,correct
192,0.47840694,correct
193,0.3716021,correct
194,1.1059188,correct
195,0.28429288,correct
196,0.27454066,correct
197,1082.9677,incorrect
198,0.64860064,correct
199,0.39086658,correct
200,0.6166854,correct
201,0.28320718,correct
202,0.49842578,correct
203,0.26752138,correct
204,1.311244,correct
205,0.804439,correct
206,0.9014205,correct
207,1206.3303,incorrect
208,0.31891984,correct
209,0.5104342,correct
210,0.43746006,correct
211,0.48174828,correct
212,0.4082344,correct
213,1.043509,correct
214,0.75442797,correct
215,0.9783915,correct
216,0.60498893,correct
217,0.86225796,correct
218,0.6020245,correct
219,0.34136754,correct
220,1.0049958,correct
221,1.2298597,correct
222,0.4420869,correct
223,0.45863432,correct
224,0.52387476,correct
225,0.47429138,correct
226,0.60737926,correct
227,0.6061173,correct
228,0.3185172,correct
229,0.6494908,correct
230,783.01025,incorrect
231,0.31593502,correct
232,0.598625,correct
233,0.60111845,correct
234,0.9909847,correct
235,0.9895144,correct
236,1.1171451,correct
237,1.000907,correct
238,570.20667,incorrect
239,0.5656182,correct
240,0.9048612,correct
241,1248.1683,incorrect
242,1.1998253,correct
243,1.3986465,correct
244,0.66168314,correct
245,0.92716783,correct
246,0.31975117,correct
247,1.2893295,correct
248,0.657031,correct
249,1.3950582,correct
250,0.66793805,correct
251,1108.9058,incorrect
252,0.41906074,correct
253,1211.6125,incorrect
254,1.2660776,correct
255,0.7634891,correct
256,0.88904536,correct
257,0.5711801,correct
258,0.50267446,correct
259,1.0432918,correct
260,6.044422,incorrect
261,0.28204918,correct
262,0.95204234,correct
263,0.649961,correct
264,388.32556,incorrect
265,0.44936088,correct
266,1.1303513,correct
267,0.88599396,correct
268,0.3062257,correct
269,0.581029,correct
270,0.3063665,correct
271,0.4367339,correct
272,1.1898947,correct
273,0.36835492,correct
274,0.37873137,correct
275,0.21723646,correct
276,0.8948776,correct
277,0.2966611,correct
278,0.3238331,correct
279,60.08508,incorrect
280,0.55720913,correct
281,0.50676644,correct
282,0.6072675,correct
283,0.67402685,correct
284,391.11542,incorrect
285,0.29211247,correct
286,1.168404,correct
287,0.77720124,correct
288,0.66966563,correct
289,0.61968446,correct
290,0.5283599,correct
291,0.663373,correct
292,1.2957532,correct
293,1.1336575,correct
294,0.5009669,correct
295,0.42943436,correct
296,0.5658736,correct
297,1.1627548,correct
298,0.9758574,correct
299,0.98379415,correct
300,0.45732576,correct
301,0.8045167,correct
302,0.66965973,correct
303,2.3221617,correct
304,0.8320433,correct
305,1.8157446,correct
306,0.3245362,correct
307,1.094496,correct
308,1.0415677,correct
309,0.54357135,correct
310,0.30696636,correct
311,1.2338234,correct
312,0.4917767,correct
313,0.6447433,correct
314,1.8781592,correct
315,0.6476645,correct
316,0.8157525,correct
317,0.33404312,correct
318,0.7360375,correct
319,0.58267605,correct
320,0.4968564,correct
321,0.730362,correct
322,0.44281405,correct
323,0.29258254,correct
324,0.666512,correct
325,0.29120553,correct
326,0.6500952,correct
327,0.7995749,correct
328,0.7822075,correct
329,0.56959003,correct
330,0.9258054,correct
331,0.16617543,correct
332,0.91887534,correct
333,1.124796,correct
334,1.243361,correct
335,0.63377404,correct
336,0.39681423,correct
337,0.9033417,correct
338,0.39334357,correct
339,0.7432432,correct
340,1.7497264,correct
341,0.6372121,correct
342,2.3542242,correct
343,0.6188242,correct
344,0.5841881,correct
345,7.7906404,incorrect
346,0.35021085,correct
347,0.32201493,correct
348,0.5865094,correct
349,0.5290198,correct
350,1727.269,incorrect
351,0.6812785,correct
352,0.18920681,correct
353,0.44064665,correct
354,0.57826185,correct
355,0.22905502,correct
356,0.45707035,correct
357,1.0318105,correct
358,1.0667857,correct
359,0.69958484,correct
360,1.1813569,correct
361,1.4531349,correct
362,3.3019655,correct
363,0.4754517,correct
364,0.99030614,correct
365,0.35319704,correct
366,3.4715228,correct
367,1701.3295,incorrect
368,0.57219785,correct
369,0.41029176,correct
370,0.34002304,correct
371,0.5866183,correct
372,1.6996024,correct
373,0.39782345,correct
374,2.0736094,correct
375,279.14505,incorrect
376,1.1285836,correct
377,0.49469763,correct
378,1.238112,correct
379,0.2481316,correct
380,1.6476915,correct
381,0.9656203,correct
382,1.2002282,correct
383,0.6740211,correct
384,1.0877836,correct
385,0.464131,correct
386,1.1679671,correct
387,0.84384453,correct
388,29.673655,incorrect
389,0.4308365,correct
390,1.1985738,correct
391,0.37962663,correct
392,0.7486992,correct
393,0.42212617,correct
394,0.9036624,correct
395,0.47806036,correct
396,1.0784131,correct
397,0.3974017,correct
398,0.8065773,correct
399,0.7008597,correct
400,0.9696684,correct
401,0.6383219,correct
402,0.84420514,correct
403,0.6275125,correct
404,0.84387904,correct
405,1.6235162,correct
406,0.5565781,correct
407,0.77409816,correct
408,0.9207344,correct
409,0.3952222,correct
410,0.823279,correct
411,5111.512,incorrect
412,0.3505608,correct
413,0.4886014,correct
414,1.043078,correct
415,0.46961397,correct
416,0.48922378,correct
417,0.54196715,correct
418,0.2933442,correct
419,0.6082085,correct
420,0.7402934,correct
421,1.2509487,correct
422,0.7205877,correct
423,1.2582799,correct
424,0.5413514,correct
425,0.48264,correct
426,0.34722024,correct
427,13.186039,incorrect
428,1245.6503,incorrect
429,0.8063028,correct
430,0.855404,correct
431,1.8318338,correct
432,0.73072594,correct
433,0.6196054,correct
434,0.6653621,correct
435,0.5931474,correct
436,0.68798625,correct
437,0.6351618,correct
438,1.1887715,correct
439,1.0458535,correct
440,0.6161399,correct
441,0.76091665,correct
442,0.8357185,correct
443,1.3173194,correct
444,0.23565409,correct
445,0.39410624,correct
446,1.4587857,correct
447,0.39433804,correct
448,0.5425825,correct
449,0.53415996,correct
450,0.90840834,correct
451,0.77071637,correct
452,0.59904057,correct
453,0.5300038,correct
454,0.33478612,correct
455,0.63260496,correct
456,0.40311933,correct
457,0.48684424,correct
458,0.31261313,correct
459,0.5282161,correct
460,0.36468047,correct
461,1.3141568,correct
462,0.19145972,correct
463,1.4464633,correct
464,0.2619999,correct
465,1.0687017,correct
466,0.58479625,correct
467,349.97717,incorrect
468,0.595226,correct
469,0.39305478,correct
470,0.7582351,correct
471,0.50593174,correct
472,0.36761057,correct
473,3.1251945,correct
474,0.78736854,correct
475,0.6874561,correct
476,0.73415756,correct
477,0.4371782,correct
478,269.4098,incorrect
479,0.39772114,correct
480,0.7607379,correct
481,0.36611307,correct
482,1.2649813,correct
483,0.7158885,correct
484,1.7356791,correct
485,1.7660446,correct
486,0.6925094,correct
487,0.66049176,correct
488,1.3254845,correct
489,0.7567123,correct
490,4.5000596,correct
491,0.88553995,correct
492,0.38444328,correct
493,0.84142876,correct
494,531.4164,incorrect
495,0.6262516,correct
496,0.9856613,correct
497,1.0814004,correct
498,1.2630389,correct
499,0.391127,correct
500,0.5927388,correct
501,0.41240874,correct
502,0.30124584,correct
503,0.8695363,correct
504,0.967425,correct
505,0.58678067,correct
506,0.25827986,correct
507,0.3625012,correct
508,0.89003026,correct
509,0.81492996,correct
510,1.0669677,correct
511,0.77762055,correct
512,0.256465,correct
513,0.42465365,correct
514,0.45823026,correct
515,0.583603,correct
516,2.8308907,correct
517,1.1848334,correct
518,0.3195196,correct
519,0.84806216,correct
520,0.40812612,correct
521,0.6745657,correct
522,0.15795836,correct
523,0.7088033,correct
524,2192.7031,incorrect
525,156.67091,incorrect
526,0.63899446,correct
527,0.30426085,correct
528,0.359775,correct
529,28.770964,incorrect
530,0.31324354,correct
531,0.2516173,correct
532,0.6138097,correct
533,0.6079949,correct
534,0.6781304,correct
535,0.44309455,correct
536,0.37765545,correct
537,19.481766,incorrect
538,0.46087322,correct
539,0.8155953,correct
540,1.1080929,correct
541,0.812948,correct
542,1.0421857,correct
543,0.753041,correct
544,0.18592098,correct
545,1.0397053,correct
546,0.34304407,correct
547,0.8040142,correct
548,1.2378559,correct
549,0.6825609,correct
550,0.371591,correct
551,0.55615234,correct
552,0.6906824,correct
553,0.75087476,correct
554,3.3999143,correct
555,0.64769036,correct
556,197.46536,incorrect
557,0.4410259,correct
558,0.7729093,correct
559,1.401313,correct
560,1.3223076,correct
561,0.4263317,correct
562,0.7318356,correct
563,0.60566616,correct
564,0.5385498,correct
565,0.79420817,correct
566,513.5504,incorrect
567,0.8915789,correct
568,0.7193427,correct
569,0.5138368,correct
570,0.25597912,correct
571,0.46518505,correct
572,0.96254265,correct
573,0.774675,correct
574,0.23065175,correct
575,0.38748968,correct
576,0.23769271,correct
577,0.6732518,correct
578,0.27043575,correct
579,1.1829038,correct
580,0.48360938,correct
581,1.0390675,correct
582,0.8224356,correct
583,0.33773687,correct
584,0.61166537,correct
585,0.51041126,correct
586,0.25389367,correct
587,3.8050456,correct
588,0.39290637,correct
589,0.44838846,correct
590,0.7004945,correct
591,0.94572836,correct
592,0.42996997,correct
593,0.5833576,correct
594,0.6804768,correct
595,0.3763243,correct
596,1.7677326,correct
597,0.4842175,correct
598,0.63890207,correct
599,1.6163542,correct
600,0.57417476,correct
601,0.40547365,correct
602,0.4358713,correct
603,0.21348053,correct
604,0.72866434,correct
605,1.083456,correct
606,0.57771826,correct
607,0.295582,correct
608,0.25257695,correct
609,0.4590479,correct
610,0.5700228,correct
611,3863.449,incorrect
612,0.28202134,correct
613,0.40960744,correct
614,0.792015,correct
615,0.4418781,correct
616,1.2750409,correct
617,0.5374576,correct
618,0.3865868,correct
619,72.53404,incorrect
620,1.5643238,correct
621,0.7824076,correct
622,0.80116457,correct
623,0.63319445,correct
624,0.48812628,correct
625,0.6433594,correct
626,0.298132,correct
627,0.23459096,correct
628,0.8274854,correct
629,0.7762622,correct
630,1.4099327,correct
631,1.8797148,correct
632,3.3120918,correct
633,1.0972579,correct
634,0.66056526,correct
635,0.25020015,correct
636,0.4728814,correct
637,0.35344833,correct
638,0.48765492,correct
639,0.9251072,correct
640,0.42234784,correct
641,1.2285553,correct
642,0.6587097,correct
643,0.34131944,correct
644,0.38329947,correct
645,0.6028173,correct
646,1440.3785,incorrect
647,0.9029937,correct
648,0.6568771,correct
649,0.5523578,correct
650,0.5001817,correct
651,0.3079016,correct
652,1.3799466,correct
653,0.6606502,correct
654,0.5839745,correct
655,1.1189903,correct
656,0.61046934,correct
657,91.1905,incorrect
658,0.7832439,correct
659,0.7681465,correct
660,2475.1592,incorrect
661,391.989,incorrect
662,0.7728883,correct
663,1.1896919,correct
664,1.3140733,correct
665,0.7783334,correct
666,0.25458735,correct
667,0.32567573,correct
668,0.6641036,correct
669,3573.959,incorrect
670,0.9742359,correct
671,782.666,incorrect
672,0.9055713,correct
673,0.9013658,correct
674,0.2531124,correct
675,0.40178967,correct
676,3.112065,correct
677,1.2518083,correct
678,1.0451554,correct
679,0.5924327,correct
680,0.4900871,correct
681,0.40189728,correct
682,1.0047779,correct
683,2.0488548,correct
684,1.1020782,correct
685,0.66792643,correct
686,0.9577842,correct
687,0.38679126,correct
688,0.5767362,correct
689,1.0130183,correct
690,0.39491597,correct
691,0.29646724,correct
692,0.6728708,correct
693,0.55960625,correct
694,1.1806072,correct
695,0.3210402,correct
696,383.23996,incorrect
697,0.4046212,correct
698,0.6677775,correct
699,0.79516625,correct
700,0.6185327,correct
701,582.02734,incorrect
702,0.881106,correct
703,1.1283085,correct
704,0.6572404,correct
705,0.5528392,correct
706,0.66959023,correct
707,0.47310168,correct
708,0.37380487,correct
709,0.77165806,correct
710,2.1646862,correct
711,0.31724453,correct
712,0.23236853,correct
713,0.2033705,correct
714,0.6403167,correct
715,0.5716772,correct
716,0.40895414,correct
717,1.2629316,correct
718,0.71307296,correct
719,0.48875242,correct
720,0.5183658,correct
721,0.54365534,correct
722,1.0809485,correct
723,1.6393064,correct
724,0.660777,correct
725,0.9334049,correct
726,0.56946605,correct
727,0.15670498,correct
728,1.672924,correct
729,0.59444785,correct
730,0.6048033,correct
731,0.5354681,correct
732,1.8022618,correct
733,4.306379,correct
734,0.72139335,correct
735,0.9925487,correct
736,0.43849054,correct
737,1530.7478,incorrect
738,0.79175866,correct
739,0.509807,correct
740,0.3128848,correct
741,0.6807809,correct
742,0.58162004,correct
743,0.4487419,correct
744,0.2487366,correct
745,0.3497246,correct
746,0.522016,correct
747,2.6121047,correct
748,0.83122027,correct
749,0.9159724,correct
750,0.59844947,correct
751,0.3000503,correct
752,0.31571674,correct
753,0.49799144,correct
754,0.6436636,correct
755,0.39746076,correct
756,0.96008605,correct
757,0.50526667,correct
758,1.1035175,correct
759,0.29956722,correct
760,0.9700818,correct
761,0.57020104,correct
762,0.65914786,correct
763,0.72103095,correct
764,0.5628554,correct
765,0.97906405,correct
766,0.4670402,correct
767,0.67064345,correct
768,0.4966814,correct
769,0.8573518,correct
770,0.8170434,correct
771,1.0907147,correct
772,0.6480185,correct
773,0.3685649,correct
774,0.58376503,correct
775,104.47584,incorrect
776,0.69207567,correct
777,1.9716573,correct
778,0.8045098,correct
779,0.92847717,correct
780,0.91177845,correct
781,3079.4258,incorrect
782,0.46506193,correct
783,0.5605209,correct
784,1.0400788,correct
785,0.8567453,correct
786,1.0856602,correct
787,0.17072421,correct
788,0.81714714,correct
789,0.39739317,correct
790,0.44308758,correct
791,0.45146805,correct
792,0.7930453,correct
793,0.74147034,correct
794,1.0194623,correct
795,582.32227,incorrect
796,0.64925504,correct
797,0.8400339,correct
798,0.69559187,correct
799,1.6740239,correct
800,2.9705615,correct
801,0.6858925,correct
802,0.804924,correct
803,0.48200125,correct
804,0.81250614,correct
805,0.70342636,correct
806,0.47905096,correct
807,0.49804002,correct
808,0.46247992,correct
809,0.86462235,correct
810,0.33412004,correct
811,0.63651097,correct
812,0.33260798,correct
813,0.34687796,correct
814,0.81798285,correct
815,1.3479877,correct
816,0.246723,correct
817,1.7065388,correct
818,0.9858116,correct
819,2.1464734,correct
820,1.0512686,correct
821,0.4151708,correct
822,0.4133642,correct
823,1501.0752,incorrect
824,0.8908345,correct
825,0.8846408,correct
826,1.1846609,correct
827,0.5973883,correct
828,1.0675646,correct
829,0.62508667,correct
830,0.6838808,correct
831,0.42192036,correct
832,76.46095,incorrect
833,1.1450388,correct
834,1819.7001,incorrect
835,0.57564956,correct
836,0.5450075,correct
837,872.53564,incorrect
838,595.92883,incorrect
839,0.45142287,correct
840,0.8535141,correct
841,0.879028,correct
842,0.29567105,correct
843,0.58890724,correct
844,0.80523586,correct
845,0.8906823,correct
846,1.2143091,correct
847,1.9693245,correct
848,1.110091,correct
849,0.9523797,correct
850,0.8112428,correct
851,0.6942687,correct
852,0.17394206,correct
853,0.9995409,correct
854,0.6439792,correct
855,0.6918879,correct
856,0.5883272,correct
857,0.31941146,correct
858,1.206238,correct
859,23.515635,incorrect
860,0.63780034,correct
861,1.9382026,correct
862,2.1416235,correct
863,1.0462421,correct
864,0.3733361,correct
865,0.4372673,correct
866,0.5174485,correct
867,0.5301902,correct
868,1.5207101,correct
869,742.1437,incorrect
870,1.2304778,correct
871,0.7497384,correct
872,0.9044666,correct
873,33.63616,incorrect
874,0.76960135,correct
875,1.0379379,correct
876,0.6713622,correct
877,0.98520076,correct
878,699.35565,incorrect
879,0.32449156,correct
880,0.24977705,correct
881,0.5769365,correct
882,0.7417351,correct
883,0.8362967,correct
884,0.44795167,correct
885,0.4164309,correct
886,0.50917256,correct
887,0.33890074,correct
888,2.2278237,correct
889,1.1588498,correct
890,0.33997902,correct
891,1.476321,correct
892,0.4276536,correct
893,0.3297898,correct
894,506.7115,incorrect
895,0.39282,correct
896,0.3109687,correct
897,2.0290134,correct
898,0.46452358,correct
899,0.659219,correct
900,0.28885955,correct
901,976.43945,incorrect
902,0.45965666,correct
903,0.5798414,correct
904,0.62137365,correct
905,0.4691698,correct
906,0.52273047,correct
907,2173.1262,incorrect
908,0.6912676,correct
909,0.74735034,correct
910,0.67544305,correct
911,0.68883926,correct
912,54.0086,incorrect
913,0.30401403,correct
914,0.8789438,correct
915,448.36594,incorrect
916,0.6857587,correct
917,0.5268772,correct
918,0.57178766,correct
919,0.7718837,correct
920,1.5690305,correct
921,0.53441185,correct
922,0.40176296,correct
923,0.1881421,correct
924,0.6182247,correct
925,0.41062358,correct
926,1.0011921,correct
927,45.850014,incorrect
928,0.3166041,correct
929,0.4304377,correct
930,1.0512619,correct
931,0.33293137,correct
932,1.1163721,correct
933,0.7039393,correct
934,0.9569229,correct
935,1.0078686,correct
936,0.77282995,correct
937,0.5010437,correct
938,0.6470052,correct
939,292.03787,incorrect
940,1.3887048,correct
941,0.59371555,correct
942,0.4408345,correct
943,0.19215962,correct
944,0.6009656,correct
945,1.4193134,correct
946,0.4329799,correct
947,0.6274247,correct
948,0.60295,correct
949,0.78173786,correct
950,0.9858226,correct
951,3.9109628,correct
952,0.6541121,correct
953,0.28230974,correct
954,0.78531504,correct
955,0.5974215,correct
956,0.4656501,correct
957,0.22608022,correct
958,0.8019074,correct
959,0.6738163,correct
960,2.75006,correct
961,0.59101796,correct
962,0.54709053,correct
963,0.42547756,correct
964,0.65266323,correct
965,0.39528298,correct
966,2.2540314,correct
967,0.9208083,correct
968,1.1285292,correct
969,1.1295127,correct
970,226.54893,incorrect
971,0.6863774,correct
972,0.46666393,correct
973,0.64353395,correct
974,0.5128176,correct
975,1.5086622,correct
976,0.2699613,correct
977,0.72365427,correct
978,1.0740312,correct
979,0.63285255,correct
980,1121.1987,incorrect
981,507.65936,incorrect
982,0.2990661,correct
983,1.3326687,correct
984,0.537479,correct
985,0.9771101,correct
986,1.0920564,correct
987,0.8814878,correct
988,0.57480323,correct
989,0.23520531,correct
990,2.1989362,correct
991,0.31583214,correct
992,0.785854,correct
993,1.6524005,correct
994,0.6275625,correct
995,0.7071265,correct
996,0.34678337,correct
997,0.39079398,correct
998,0.6252495,correct
999,0.40545177,correct
1000,0.34115326,correct
1001,0.9051892,correct
1002,0.59044904,correct
1003,1.3820992,correct
1004,1.3183382,correct
1005,0.36459458,correct
1006,0.88540137,correct
1007,0.48657393,correct
1008,0.75782293,correct
1009,85.009995,incorrect
1010,1.1158637,correct
1011,0.6162853,correct
1012,0.45895025,correct
1013,0.67941356,correct
1014,1.1617317,correct
1015,0.611595,correct
1016,0.29664472,correct
1017,0.95648634,correct
1018,2.024172,correct
1019,0.7690997,correct
1020,0.7149378,correct
1021,0.34198081,correct
1022,39.239067,incorrect
1023,0.28044158,correct
1024,0.52378166,correct
1025,0.4742449,correct
1026,0.7364982,correct
1027,0.90081644,correct
1028,1.2162986,correct
1029,0.54509944,correct
1030,1.0138018,correct
1031,0.5133767,correct
1032,0.43894786,correct
1033,0.47757077,correct
1034,0.4296801,correct
1035,0.52848303,correct
1036,0.31179482,correct
1037,0.7739783,correct
1038,0.6879508,correct
1039,739.894,incorrect
1040,0.37970477,correct
1041,0.14740033,correct
1042,0.9002004,correct
1043,0.9438129,correct
1044,0.32656702,correct
1045,0.8195108,correct
1046,0.92525715,correct
1047,0.6474342,correct
1048,0.39205372,correct
1049,0.5700768,correct
1050,0.5919121,correct
1051,0.53468245,correct
1052,1.3751369,correct
1053,0.49825764,correct
1054,0.73714453,correct
1055,0.6702591,correct
1056,1688.0792,incorrect
1057,0.38624397,correct
1058,0.64053017,correct
1059,1.9320558,correct
1060,0.67298037,correct
1061,0.69461983,correct
1062,1.4039626,correct
1063,1.5794214,correct
1064,0.6063424,correct
1065,2.195515,correct
1066,0.42168298,correct
1067,0.6443119,correct
1068,0.45224822,correct
1069,0.9569373,correct
1070,0.307177,correct
1071,0.6101828,correct
1072,1.2455685,correct
1073,0.9044608,correct
1074,252.32857,incorrect
1075,0.84587383,correct
1076,0.37642074,correct
1077,0.6905266,correct
1078,0.70561564,correct
1079,0.4344735,correct
1080,0.67160803,correct
1081,0.78732944,correct
1082,1172.4225,incorrect
1083,0.41436446,correct
1084,0.7194475,correct
1085,0.47969615,correct
1086,0.2580945,correct
1087,0.6914023,correct
1088,0.34509176,correct
1089,0.8681099,correct
1090,3.9059172,correct
1091,0.48688716,correct
1092,311.9555,incorrect
1093,4.6512456,correct
1094,1.3005128,correct
1095,1.2328818,correct
1096,0.8726079,correct
1097,1.3370622,correct
1098,0.90952605,correct
1099,1.0059171,correct
1100,0.6608047,correct
1101,0.76203334,correct
1102,0.5046673,correct
1103,0.66633666,correct
1104,0.8118545,correct
1105,1.0196326,correct
1106,1.7676392,correct
1107,0.36940885,correct
1108,0.5108076,correct
1109,0.6848135,correct
1110,0.21610835,correct
1111,0.59574085,correct
1112,553.3522,incorrect
1113,0.27454525,correct
1114,0.51753896,correct
1115,0.60317767,correct
1116,1.7492762,correct
1117,0.88158727,correct
1118,0.39578223,correct
1119,1.0599905,correct
1120,211.31665,incorrect
1121,0.4109007,correct
1122,1.3357399,correct
1123,0.6853177,correct
1124,0.7490037,correct
1125,1.2884558,correct
1126,0.5150434,correct
1127,0.22823633,correct
1128,0.7242507,correct
1129,0.7611861,correct
1130,0.28845403,correct
1131,0.350542,correct
1132,0.27895504,correct
1133,1.1891167,correct
1134,0.65922844,correct
1135,0.21635172,correct
1136,0.86393213,correct
1137,0.9319862,correct
1138,0.4920408,correct
1139,0.938774,correct
1140,0.749773,correct
1141,0.36051276,correct
1142,0.50260085,correct
1143,1.2168641,correct
1144,1.268104,correct
1145,0.6336108,correct
1146,0.7424737,correct
1147,0.2659405,correct
1148,0.17868137,correct
1149,1.5836203,correct
1150,0.2112091,correct
1151,0.6933758,correct
1152,1241.7117,incorrect
1153,0.47933397,correct
1154,0.54568225,correct
1155,0.5841582,correct
1156,0.31971166,correct
1157,0.7298621,correct
1158,0.8585828,correct
1159,0.72254753,correct
1160,0.51505584,correct
1161,0.95493805,correct
1162,0.531847,correct
1163,0.29754657,correct
1164,0.83927566,correct
1165,0.39072773,correct
1166,0.9485755,correct
1167,0.47996473,correct
1168,3.468277,correct
1169,0.80654716,correct
1170,0.49512953,correct
1171,0.33246,correct
1172,0.35594627,correct
1173,0.94263226,correct
1174,0.7745217,correct
1175,0.6473925,correct
1176,0.76078993,correct
1177,0.68996924,correct
1178,0.58189833,correct
1179,0.35851747,correct
1180,0.3982963,correct
1181,0.9480573,correct
1182,0.51511633,correct
1183,964.60254,incorrect
1184,0.4951586,correct
1185,0.38780084,correct
1186,0.671855,correct
1187,0.59095734,correct
1188,0.6046607,correct
1189,1.3413566,correct
1190,0.7196977,correct
1191,0.68463933,correct
1192,403.51154,incorrect
1193,0.25125256,correct
1194,1.6505837,correct
1195,0.9886086,correct
1196,0.19557466,correct
1197,0.25154936,correct
1198,0.3718413,correct
1199,0.26497772,correct
1200,0.21368775,correct
1201,0.8552643,correct
1202,0.66961145,correct
1203,0.4645447,correct
1204,0.5534578,correct
1205,1.5283787,correct
1206,0.4713161,correct
1207,0.35176802,correct
1208,0.3067972,correct
1209,0.90358675,correct
1210,10.976478,incorrect
1211,0.23415846,correct
1212,0.6135045,correct
1213,0.30258536,correct
1214,176.36427,incorrect
1215,1.2502786,correct
1216,0.61928856,correct
1217,0.7855884,correct
1218,0.8913944,correct
1219,0.49355003,correct
1220,0.27473193,correct
1221,0.9720491,correct
1222,0.7889147,correct
1223,0.33007073,correct
1224,1.4806641,correct
1225,0.59452236,correct
1226,1.1182686,correct
1227,0.44448447,correct
1228,0.3186506,correct
1229,6005.65,incorrect
1230,0.46845105,correct
1231,1.2015224,correct
1232,0.46879947,correct
1233,1.4805539,correct
1234,0.44186646,correct
1235,0.7747967,correct
1236,0.44392768,correct
1237,1.4034368,correct
1238,1.1469891,correct
1239,0.58811116,correct
1240,2.923707,correct
1241,0.4702705,correct
1242,0.8935322,correct
1243,0.6794914,correct
1244,0.98215175,correct
1245,1.9058799,correct
1246,0.36478576,correct
1247,0.42588717,correct
1248,2.0846765,correct
1249,0.71218395,correct
1250,0.9075992,correct
1251,0.4322145,correct
1252,2.5329714,correct
1253,3.814587,correct
1254,0.34964538,correct
1255,0.5367619,correct
1256,0.41513824,correct
1257,0.3124013,correct
1258,0.45957917,correct
1259,0.29656273,correct
1260,0.4022342,correct
1261,0.63662004,correct
1262,0.63437736,correct
1263,0.49244827,correct
1264,1.584789,correct
1265,0.544831,correct
1266,1.5923731,correct
1267,221.8769,incorrect
1268,0.66217375,correct
1269,0.48552647,correct
1270,0.5410657,correct
1271,0.63654244,correct
1272,0.9975921,correct
1273,0.5622751,correct
1274,0.42327416,correct
1275,0.80674386,correct
1276,0.7229037,correct
1277,0.7453386,correct
1278,0.6664726,correct
1279,0.34239468,correct
1280,0.3703302,correct
1281,0.38574782,correct
1282,0.46625495,correct
1283,0.9229764,correct
1284,1.6691912,correct
1285,2828.8472,incorrect
1286,1.3833008,correct
1287,0.90503776,correct
1288,0.97578907,correct
1289,0.48864433,correct
1290,0.5930829,correct
1291,0.5815728,correct
1292,0.7087712,correct
1293,0.68201137,correct
1294,0.47852585,correct
1295,0.5495158,correct
1296,4.975263,correct
1297,0.76068556,correct
1298,0.96337897,correct
1299,0.2645774,correct
1300,0.5579517,correct
1301,0.2733782,correct
1302,0.7792522,correct
1303,1.4015163,correct
1304,0.8401601,correct
1305,1.9219428,correct
1306,0.8352113,correct
1307,0.17528367,correct
1308,0.9682017,correct
1309,0.33594376,correct
1310,0.8833203,correct
1311,0.5176239,correct
1312,1.5473672,correct
1313,0.3586397,correct
1314,0.6526879,correct
1315,2341.0625,incorrect
1316,0.64577657,correct
1317,0.6777122,correct
1318,0.72824675,correct
1319,0.7413192,correct
1320,0.43904132,correct
1321,1.0587473,correct
1322,0.95084953,correct
1323,277.2861,incorrect
1324,421.1425,incorrect
1325,0.9145505,correct
1326,0.7762253,correct
1327,0.27940124,correct
1328,0.8161467,correct
1329,0.40968347,correct
1330,0.6177588,correct
1331,0.5662281,correct
1332,0.84738255,correct
1333,0.91018844,correct
1334,0.69779444,correct
1335,0.68970007,correct
1336,1.0137775,correct
1337,0.6214826,correct
1338,0.9285567,correct
1339,0.259665,correct
1340,0.5199977,correct
1341,0.91481626,correct
1342,0.5031864,correct
1343,0.8904774,correct
1344,0.9658891,correct
1345,0.66414976,correct
1346,0.73623896,correct
1347,0.65294236,correct
1348,0.70793986,correct
1349,0.839571,correct
1350,0.19410118,correct
1351,0.30882683,correct
1352,0.24892059,correct
1353,0.33254737,correct
1354,1.2697685,correct
1355,0.4529856,correct
1356,0.4577328,correct
1357,0.5693893,correct
1358,1.2332128,correct
1359,9.646603,incorrect
1360,0.47777098,correct
1361,0.71417046,correct
1362,0.24489312,correct
1363,0.40346476,correct
1364,1.3481213,correct
1365,0.757751,correct
1366,0.6502865,correct
1367,0.22008303,correct
1368,0.4991724,correct
1369,2.6505003,correct
1370,0.6418683,correct
1371,0.62967664,correct
1372,0.3772279,correct
1373,0.33710882,correct
1374,0.27580544,correct
1375,0.58997667,correct
1376,0.96891123,correct
1377,0.8593231,correct
1378,0.44536147,correct
1379,0.46144146,correct
1380,0.51207596,correct
1381,0.40366918,correct
1382,0.2303651,correct
1383,0.15608227,correct
1384,1.125396,correct
1385,0.95675737,correct
1386,2.0978155,correct
1387,0.713439,correct
1388,0.9533111,correct
1389,0.728511,correct
1390,1.2468791,correct
1391,0.30976963,correct
1392,1.5065804,correct
1393,0.9193264,correct
1394,0.35818303,correct
1395,0.86210096,correct
1396,0.72925746,correct
1397,0.36328757,correct
1398,0.5333068,correct
1399,1.0236297,correct
1400,0.71325356,correct
1401,0.42706823,correct
1402,339.64923,incorrect
1403,0.7776582,correct
1404,0.82853734,correct
1405,0.44248176,correct
1406,0.36512274,correct
1407,0.37464562,correct
1408,0.5798417,correct
1409,0.360606,correct
1410,0.29089373,correct
1411,2434.0627,incorrect
1412,0.7943101,correct
1413,1.8571756,correct
1414,0.8732121,correct
1415,0.9876672,correct
1416,0.9937202,correct
1417,0.24865264,correct
1418,4.776568,correct
1419,1.4558334,correct
1420,0.69939315,correct
1421,0.39180458,correct
1422,0.7919182,correct
1423,1.8041723,correct
1424,0.537284,correct
1425,1.373455,correct
1426,0.46588776,correct
1427,0.20858634,correct
1428,0.9096912,correct
1429,0.758786,correct
1430,0.8386302,correct
1431,0.5508358,correct
1432,0.6533071,correct
1433,1.6613605,correct
1434,924.94916,incorrect
1435,0.43124998,correct
1436,2.7579746,correct
1437,0.25246114,correct
1438,0.65084934,correct
1439,0.65737605,correct
1440,0.6154492,correct
1441,0.21612775,correct
1442,0.3953943,correct
1443,0.37965965,correct
1444,0.52389324,correct
1445,0.94948596,correct
1446,0.5926502,correct
1447,0.4509926,correct
1448,0.3626184,correct
1449,0.6471876,correct
1450,0.8120512,correct
1451,0.73085463,correct
1452,0.5598631,correct
1453,0.4223607,correct
1454,0.46750778,correct
1455,0.9127531,correct
1456,0.7302329,correct
1457,0.57242846,correct
1458,7.3243966,incorrect
1459,0.5770137,correct
1460,1.2082353,correct
1461,0.89692724,correct
1462,0.82698953,correct
1463,0.36669374,correct
1464,1.9642086,correct
1465,0.8815208,correct
1466,0.5404452,correct
1467,0.6083207,correct
1468,0.77012885,correct
1469,0.5479294,correct
1470,0.83301693,correct
1471,1.2559596,correct
1472,6.2023454,incorrect
1473,0.7452793,correct
1474,1.1794369,correct
1475,0.7812034,correct
1476,0.9470467,correct
1477,1.341152,correct
1478,11.025227,incorrect
1479,859.66986,incorrect
1480,145.46637,incorrect
1481,0.5326747,correct
1482,0.5315583,correct
1483,1.3962069,correct
1484,0.4668507,correct
1485,0.6147723,correct
1486,1673.3186,incorrect
1487,0.924973,correct
1488,0.7461104,correct
1489,0.28738624,correct
1490,0.5234489,correct
1491,0.65933865,correct
1492,57.18821,incorrect
1493,0.9073002,correct
1494,2.4779756,correct
1495,0.71824205,correct
1496,0.8993108,correct
1497,0.20528173,correct
1498,0.85647815,correct
1499,0.45953953,correct
1500,0.5753167,correct
1501,0.40002954,correct
1502,0.81828326,correct
1503,0.62856996,correct
1504,1.109992,correct
1505,1.6483498,correct
1506,0.26885188,correct
1507,0.4022833,correct
1508,0.40150496,correct
1509,0.4637408,correct
1510,1.0514698,correct
1511,0.32545912,correct
1512,0.6905016,correct
1513,0.7295934,correct
1514,0.670633,correct
1515,0.54977036,correct
1516,0.4970938,correct
1517,0.6873834,correct
1518,0.56189954,correct
1519,1.3509334,correct
1520,0.55452025,correct
1521,1.4005127,correct
1522,0.2644076,correct
1523,0.499384,correct
1524,0.3652411,correct
1525,0.3483405,correct
1526,0.072023526,correct
1527,0.6700123,correct
1528,222.58284,incorrect
1529,0.6845832,correct
1530,0.7817017,correct
1531,1.0159376,correct
1532,0.38480175,correct
1533,0.71618927,correct
1534,0.5329144,correct
1535,0.80999166,correct
1536,0.30636632,correct
1537,0.30210793,correct
1538,0.57375175,correct
1539,0.67310596,correct
1540,0.7729492,correct
1541,0.5744033,correct
1542,0.95271945,correct
1543,0.38347238,correct
1544,0.3694395,correct
1545,0.80885607,correct
1546,0.6912558,correct
1547,0.45417154,correct
1548,0.23802133,correct
1549,0.7391555,correct
1550,0.38284498,correct
1551,0.5719584,correct
1552,0.8990104,correct
1553,0.41472822,correct
1554,78.1228,incorrect
1555,0.2976451,correct
1556,0.75587076,correct
1557,0.5836202,correct
1558,0.37417483,correct
1559,1.9483442,correct
1560,0.8707712,correct
1561,0.31565583,correct
1562,0.7268227,correct
1563,1.1985521,correct
1564,0.3959918,correct
1565,0.6448584,correct
1566,0.70875967,correct
1567,0.4673174,correct
1568,1.057563,correct
1569,0.4070512,correct
1570,2.1552887,correct
1571,0.35839543,correct
1572,1.041078,correct
1573,0.7201525,correct
1574,1110.6836,incorrect
1575,1.5088863,correct
1576,0.28961444,correct
1577,0.39635593,correct
1578,0.6822575,correct
1579,0.29892412,correct
1580,3.9759502,correct
1581,0.3032418,correct
1582,1.0151467,correct
1583,0.26469344,correct
1584,0.62042296,correct
1585,1.8654817,correct
1586,0.45783934,correct
1587,0.27195704,correct
1588,0.5346007,correct
1589,0.3895436,correct
1590,0.57193047,correct
1591,0.23297012,correct
1592,0.37539342,correct
1593,0.6872022,correct
1594,1.1918192,correct
1595,0.49012628,correct
1596,1.3085489,correct
1597,615.1522,incorrect
1598,0.24046648,correct
1599,0.9177195,correct
1600,0.42005453,correct
1601,0.55463195,correct
1602,1.1000226,correct
1603,0.24212581,correct
1604,1.4320651,correct
1605,1.9380211,correct
1606,0.73534393,correct
1607,1.6051111,correct
1608,0.3241375,correct
1609,1.5248165,correct
1610,0.9384244,correct
1611,0.6106684,correct
1612,0.610421,correct
1613,365.09784,incorrect
1614,0.355644,correct
1615,0.361438,correct
1616,0.90129465,correct
1617,0.39057332,correct
1618,1.6132873,correct
1619,1.3602275,correct
1620,0.5983436,correct
1621,0.6079018,correct
1622,1.1918752,correct
1623,0.6331683,correct
1624,1.4834852,correct
1625,1.2874599,correct
1626,0.3553543,correct
1627,1.150106,correct
1628,0.47696823,correct
1629,1.1256773,correct
1630,0.39750043,correct
1631,1.5668123,correct
1632,0.40684098,correct
1633,0.91399103,correct
1634,0.27932626,correct
1635,0.6765039,correct
1636,0.31150758,correct
1637,0.58024096,correct
1638,0.5114586,correct
1639,0.73503757,correct
1640,0.4428708,correct
1641,0.23892528,correct
1642,0.42579004,correct
1643,0.7064143,correct
1644,0.9056568,correct
1645,0.75000346,correct
1646,0.6282859,correct
1647,0.5017373,correct
1648,0.31935257,correct
1649,0.38964388,correct
1650,0.8052039,correct
1651,0.26647806,correct
1652,1.8712406,correct
1653,1.0066897,correct
1654,0.9733036,correct
1655,0.9614183,correct
1656,0.55976385,correct
1657,0.5986812,correct
1658,0.9956898,correct
1659,0.7121252,correct
1660,0.39501446,correct
1661,0.56252885,correct
1662,0.4694625,correct
1663,0.8593817,correct
1664,0.59044456,correct
1665,0.7419617,correct
1666,1.2562877,correct
1667,0.8702912,correct
1668,0.3750674,correct
1669,0.4890057,correct
1670,0.9438509,correct
1671,0.31644663,correct
1672,0.6666508,correct
1673,0.7894898,correct
1674,0.39546394,correct
1675,0.4631093,correct
1676,1089.0533,incorrect
1677,0.242886,correct
1678,0.5132371,correct
1679,0.9026295,correct
1680,0.21829045,correct
1681,0.40534097,correct
1682,0.9653144,correct
1683,0.5166565,correct
1684,0.41839784,correct
1685,0.75489074,correct
1686,0.5685505,correct
1687,2.1233835,correct
1688,1.0160983,correct
1689,0.6400688,correct
1690,0.6635958,correct
1691,1.9953647,correct
1692,0.5694024,correct
1693,0.26083866,correct
1694,0.7269244,correct
1695,0.28325093,correct
1696,1.8571905,correct
1697,1192.6738,incorrect
1698,1487.9412,incorrect
1699,4.1436443,correct
1700,0.71826077,correct
1701,1.0228176,correct
1702,0.34519044,correct
1703,1.0268958,correct
1704,1.2100863,correct
1705,70.51168,incorrect
1706,0.592397,correct
1707,0.65458477,correct
1708,0.99277985,correct
1709,0.40843084,correct
1710,0.92559135,correct
1711,0.5620147,correct
1712,0.65984106,correct
1713,0.6421901,correct
1714,0.31233132,correct
1715,16.219534,incorrect
1716,0.5935902,correct
1717,0.76144177,correct
1718,0.36994463,correct
1719,0.7796571,correct
1720,0.341802,correct
1721,0.9246427,correct
1722,0.2518288,correct
1723,0.9509558,correct
1724,0.29151118,correct
1725,137.82735,incorrect
1726,0.67601573,correct
1727,0.53458834,correct
1728,0.23894778,correct
1729,0.6749238,correct
1730,0.6193156,correct
1731,1.0919551,correct
1732,0.9104113,correct
1733,0.97788316,correct
1734,0.6731244,correct
1735,2.8727746,correct
1736,0.5147923,correct
1737,20.6662,incorrect
1738,0.6466543,correct
1739,0.4559806,correct
1740,0.38800317,correct
1741,0.5919156,correct
1742,1.4859409,correct
1743,0.4181633,correct
1744,1.067873,correct
1745,0.5402979,correct
1746,0.6177007,correct
1747,0.9789655,correct
1748,0.45968556,correct
1749,0.32285285,correct
1750,0.92497295,correct
1751,2.0782785,correct
1752,1.2256801,correct
1753,1.4846885,correct
1754,297.7866,incorrect
1755,0.39327627,correct
1756,0.39505598,correct
1757,0.45655036,correct
1758,0.68030256,correct
1759,1.0627367,correct
1760,0.90079635,correct
1761,0.49504966,correct
1762,0.21316528,correct
1763,0.85316265,correct
1764,0.72125936,correct
1765,0.45434034,correct
1766,1.5345116,correct
1767,0.630641,correct
1768,0.34729928,correct
1769,364.0772,incorrect
1770,0.30660892,correct
1771,1.0038757,correct
1772,0.55343324,correct
1773,0.33727896,correct
1774,0.3390144,correct
1775,0.2654944,correct
1776,0.7784692,correct
1777,0.48903787,correct
1778,0.7258913,correct
1779,0.60705805,correct
1780,1.9958007,correct
1781,1.1116616,correct
1782,0.54062104,correct
1783,0.23651165,correct
1784,0.58581805,correct
1785,0.4786975,correct
1786,0.63337237,correct
1787,0.6202054,correct
1788,1.4523221,correct
1789,0.87446266,correct
1790,0.7330399,correct
1791,0.37723315,correct
1792,0.23207273,correct
1793,0.42247707,correct
1794,0.795833,correct
1795,0.71221906,correct
1796,0.68239665,correct
1797,0.5236556,correct
1798,0.43585688,correct
1799,1.1173539,correct
1800,326.19467,incorrect
1801,1.163252,correct
1802,0.3898304,correct
1803,1036.775,incorrect
1804,0.98735577,correct
1805,0.6552762,correct
1806,0.57003075,correct
1807,0.60837036,correct
1808,0.31886548,correct
1809,0.8863497,correct
1810,0.5841773,correct
1811,34.25299,incorrect
1812,0.43049216,correct
1813,0.49374604,correct
1814,435.75705,incorrect
1815,0.6751325,correct
1816,1.0379014,correct
1817,0.3329093,correct
1818,2288.709,incorrect
1819,0.33756432,correct
1820,0.29540023,correct
1821,0.5210103,correct
1822,1.0597639,correct
1823,844.23083,incorrect
1824,0.35217625,correct
1825,1.4959145,correct
1826,0.38376713,correct
1827,0.41822994,correct
1828,0.87454796,correct
1829,0.35647202,correct
1830,0.78332126,correct
1831,0.39113548,correct
1832,1.501831,correct
1833,0.76502496,correct
1834,0.8158817,correct
1835,0.6311519,correct
1836,2.129224,correct
1837,0.8982748,correct
1838,0.4526631,correct
1839,0.523719,correct
1840,0.34208718,correct
1841,0.6942115,correct
1842,1.3357499,correct
1843,0.5805658,correct
1844,0.7646636,correct
1845,0.3782193,correct
1846,0.44155338,correct
1847,0.5040528,correct
1848,1.222632,correct
1849,0.5044127,correct
1850,0.39976043,correct
1851,0.5000799,correct
1852,0.51534486,correct
1853,0.40307945,correct
1854,0.5613624,correct
1855,0.37372524,correct
1856,0.37847406,correct
1857,6.0912685,incorrect
1858,1.112284,correct
1859,1.0861909,correct
1860,0.62166196,correct
1861,1.5263295,correct
1862,0.45624077,correct
1863,0.62892175,correct
1864,0.31734404,correct
1865,0.8616472,correct
1866,1.0559211,correct
1867,0.71060765,correct
1868,0.4511704,correct
1869,0.953454,correct
1870,0.42726862,correct
1871,0.4549598,correct
1872,0.8531678,correct
1873,0.20142949,correct
1874,0.39583594,correct
1875,1.3737321,correct
1876,1.2036228,correct
1877,0.58526313,correct
1878,0.6122137,correct
1879,0.29401916,correct
1880,1.9871128,correct
1881,0.55556077,correct
1882,0.72024906,correct
1883,0.86371785,correct
1884,0.9511742,correct
1885,0.59990966,correct
1886,1.0178983,correct
1887,0.3037699,correct
1888,0.68317574,correct
1889,1.3465112,correct
1890,0.49496254,correct
1891,447.2939,incorrect
1892,0.82256556,correct
1893,1.4023845,correct
1894,1.0650663,correct
1895,0.6481825,correct
1896,0.8466115,correct
1897,0.5865241,correct
1898,0.71531713,correct
1899,0.4388754,correct
1900,0.39633816,correct
1901,0.76040757,correct
1902,0.40333617,correct
1903,0.8849371,correct
1904,0.43092942,correct
1905,0.5176059,correct
1906,1.2012041,correct
1907,0.65214026,correct
1908,1.4604739,correct
1909,0.5092262,correct
1910,0.41983366,correct
1911,0.38108402,correct
1912,0.5691085,correct
1913,0.6477016,correct
1914,0.39594814,correct
1915,428.2925,incorrect
1916,1.082806,correct
1917,3387.9814,incorrect
1918,0.54675454,correct
1919,0.39790612,correct
1920,1.6069257,correct
1921,0.69324017,correct
1922,0.83910745,correct
1923,0.6232075,correct
1924,0.28029886,correct
1925,0.31618547,correct
1926,0.30889505,correct
1927,0.3078568,correct
1928,0.24291053,correct
1929,0.27432078,correct
1930,0.46923196,correct
1931,0.89230865,correct
1932,0.8931926,correct
1933,0.42420354,correct
1934,0.49111938,correct
1935,0.6877852,correct
1936,0.6503389,correct
1937,0.6057069,correct
1938,0.57715523,correct
1939,555.6212,incorrect
1940,0.14891599,correct
1941,0.6867504,correct
1942,0.6139392,correct
1943,0.5888006,correct
1944,1.1756825,correct
1945,0.47333068,correct
1946,0.8201635,correct
1947,0.41761452,correct
1948,1.127209,correct
1949,0.5108258,correct
1950,1.729471,correct
1951,0.5649896,correct
1952,0.9866017,correct
1953,1.2543024,correct
1954,0.8174206,correct
1955,1.0602018,correct
1956,1.1343662,correct
1957,0.5158705,correct
1958,0.6456332,correct
1959,0.72818995,correct
1960,0.6413735,correct
1961,1.1808319,correct
1962,1.9448602,correct
1963,0.7044485,correct
1964,3.2790864,correct
1965,0.7533569,correct
1966,0.83398294,correct
1967,1718.5813,incorrect
1968,0.85059637,correct
1969,1.397718,correct
1970,0.36975193,correct
1971,0.7959066,correct
1972,0.7250521,correct
1973,0.28129387,correct
1974,0.2974828,correct
1975,0.19995919,correct
1976,0.5834825,correct
1977,0.3436276,correct
1978,0.54190975,correct
1979,0.6545645,correct
1980,0.78952324,correct
1981,0.433274,correct
1982,1.109719,correct
1983,0.311823,correct
1984,0.27827734,correct
1985,0.7710836,correct
1986,0.35425523,correct
1987,0.70442283,correct
1988,0.63116336,correct
1989,506.8117,incorrect
1990,0.38096285,correct
1991,0.44181198,correct
1992,0.41795853,correct
1993,0.5242679,correct
1994,0.5947564,correct
1995,0.32459885,correct
1996,0.6598353,correct
1997,2.0317826,correct
1998,0.9811016,correct
1999,0.5055751,correct
2000,1.8705122,correct
2001,1.2225585,correct
2002,0.3190511,correct
2003,0.67028594,correct
2004,0.34052554,correct
2005,0.4214306,correct
2006,1.3053396,correct
2007,0.12382081,correct
2008,965.5421,incorrect
2009,0.9132792,correct
2010,0.483177,correct
2011,1.2846211,correct
2012,0.8063369,correct
2013,0.5829376,correct
2014,0.54145116,correct
2015,1.1305075,correct
2016,0.4255716,correct
2017,0.9129318,correct
2018,0.6282931,correct
2019,34.46741,incorrect
2020,0.5091034,correct
2021,0.270401,correct
2022,1.3520694,correct
2023,0.8322014,correct
2024,0.75740355,correct
2025,0.8796194,correct
2026,0.6007104,correct
2027,1.1573603,correct
2028,0.5232152,correct
2029,0.7370893,correct
2030,0.9618008,correct
2031,0.6504632,correct
2032,0.9975594,correct
2033,0.88507605,correct
2034,0.36051974,correct
2035,0.5430695,correct
2036,0.4491766,correct
2037,0.2421379,correct
2038,0.38100746,correct
2039,0.8678265,correct
2040,1.2179506,correct
2041,0.7402258,correct
2042,0.8114474,correct
2043,0.5904604,correct
2044,0.46234488,correct
2045,0.98389626,correct
2046,1.1133232,correct
2047,0.33366406,correct
2048,0.48495322,correct
2049,0.83783454,correct
2050,633.1328,incorrect
2051,1.1490444,correct
2052,0.5054309,correct
2053,0.5676354,correct
2054,0.531348,correct
2055,0.50256413,correct
2056,0.9423588,correct
2057,0.42444617,correct
2058,0.5134595,correct
2059,0.5488644,correct
2060,0.4729592,correct
2061,0.57092476,correct
2062,0.7902664,correct
2063,0.78237104,correct
2064,3194.3694,incorrect
2065,1.15521,correct
2066,0.912567,correct
2067,0.7818629,correct
2068,0.30697158,correct
2069,1970.6414,incorrect
2070,3.3907194,correct
2071,1.5829581,correct
2072,0.5823319,correct
2073,0.69796264,correct
2074,5.6222224,incorrect
2075,0.7766979,correct
2076,0.2529962,correct
2077,0.90480626,correct
2078,0.51960015,correct
2079,254.69202,incorrect
2080,0.2555256,correct
2081,0.8804947,correct
2082,0.9745472,correct
2083,0.8993464,correct
2084,0.5867635,correct
2085,0.5147629,correct
2086,0.64973015,correct
2087,0.36352265,correct
2088,0.29097515,correct
2089,645.0574,incorrect
2090,0.41260016,correct
2091,0.39227933,correct
2092,0.49557182,correct
2093,0.5204804,correct
2094,0.9304273,correct
2095,3.8066647,correct
2096,1.0925505,correct
2097,1.6867898,correct
2098,0.7819786,correct
2099,0.4097481,correct
2100,628.8934,incorrect
2101,0.9054321,correct
2102,0.7106563,correct
2103,0.9907833,correct
2104,0.53430736,correct
2105,0.9227323,correct
2106,0.62004256,correct
2107,0.40843314,correct
2108,0.51495063,correct
2109,1.7460741,correct
2110,26.082207,incorrect
2111,0.8615816,correct
2112,0.2160075,correct
2113,0.60245585,correct
2114,4.247708,correct
2115,0.41378585,correct
2116,0.64722216,correct
2117,0.5382412,correct
2118,1.2010559,correct
2119,0.76344347,correct
2120,0.5973691,correct
2121,0.6012356,correct
2122,0.77237046,correct
2123,0.6364715,correct
2124,0.7311639,correct
2125,0.64169943,correct
2126,1.4910746,correct
2127,0.3907414,correct
2128,0.29161578,correct
2129,0.2423951,correct
2130,0.5103869,correct
2131,0.43024212,correct
2132,1.0005237,correct
2133,2.1078675,correct
2134,1.0204728,correct
2135,0.5244479,correct
2136,0.811944,correct
2137,0.33347818,correct
2138,0.5541913,correct
2139,0.29308754,correct
2140,0.47270542,correct
2141,0.6528518,correct
2142,0.67336786,correct
2143,0.45732632,correct
2144,0.56080234,correct
2145,0.36682016,correct
2146,0.8676327,correct
2147,0.8281144,correct
2148,0.84076595,correct
2149,1.4738566,correct
2150,0.55442446,correct
2151,0.55567724,correct
2152,0.36169937,correct
2153,0.45868945,correct
2154,3.6789567,correct
2155,0.4624914,correct
2156,0.60285395,correct
2157,0.45138445,correct
2158,1.700948,correct
2159,1.1468987,correct
2160,0.45569974,correct
2161,0.68320435,correct
2162,0.73697495,correct
2163,0.8374846,correct
2164,0.5318594,correct
2165,0.66093135,correct
2166,1.3860444,correct
2167,0.67289394,correct
2168,0.38077638,correct
2169,1.4000957,correct
2170,0.62608254,correct
2171,0.7465793,correct
2172,0.43013573,correct
2173,0.5320514,correct
2174,2.478087,correct
2175,0.44329762,correct
2176,305.6149,incorrect
2177,1.2215661,correct
2178,0.879806,correct
2179,1.0569597,correct
2180,1.6839839,correct
2181,0.2486484,correct
2182,0.61092544,correct
2183,0.5007951,correct
2184,0.6146382,correct
2185,0.83135474,correct
2186,0.61614096,correct
2187,1.0529249,correct
2188,0.5272585,correct
2189,0.49705875,correct
2190,1.31816,correct
2191,0.5761507,correct
2192,1.171918,correct
2193,0.80252063,correct
2194,0.6589421,correct
2195,0.3138488,correct
2196,0.977663,correct
2197,0.3111079,correct
2198,0.94753635,correct
2199,1.1541741,correct
2200,1.032733,correct
2201,0.61991346,correct
2202,0.9060741,correct
2203,1040.2798,incorrect
2204,0.43822768,correct
2205,1213.8203,incorrect
2206,0.5358086,correct
2207,0.5087073,correct
2208,3.2125273,correct
2209,0.7186425,correct
2210,0.53310055,correct
2211,0.58712244,correct
2212,0.3502947,correct
2213,0.38672248,correct
2214,0.955508,correct
2215,0.8294935,correct
2216,0.2971211,correct
2217,0.5378325,correct
2218,0.88959634,correct
2219,0.6841781,correct
2220,0.8372561,correct
2221,1.0967801,correct
2222,373.07874,incorrect
2223,0.21548502,correct
2224,0.40816432,correct
2225,0.38765687,correct
2226,0.62127936,correct
2227,0.2992776,correct
2228,1.2855096,correct
2229,0.51676667,correct
2230,0.29862398,correct
2231,0.8424751,correct
2232,1.5023924,correct
2233,1.105352,correct
2234,0.687223,correct
2235,1.0873623,correct
2236,0.25388488,correct
2237,0.43333742,correct
2238,0.31674528,correct
2239,2423.4,incorrect
2240,1.0532961,correct
2241,0.770656,correct
2242,0.3728044,correct
2243,0.9707494,correct
2244,1.3813474,correct
2245,0.63564813,correct
2246,1.074471,correct
2247,0.39096075,correct
2248,0.5021706,correct
2249,1.4151971,correct
2250,1.4394505,correct
2251,1.5891628,correct
2252,0.5097226,correct
2253,0.4654559,correct
2254,0.87498635,correct
2255,0.76004785,correct
2256,414.22852,incorrect
2257,0.7485539,correct
2258,0.73621446,correct
2259,0.7077491,correct
2260,0.16080655,correct
2261,0.9220961,correct
2262,0.92193377,correct
2263,0.97040975,correct
2264,0.52739227,correct
2265,0.6800391,correct
2266,1264.0629,incorrect
2267,1.1722679,correct
2268,0.44007468,correct
2269,1.1040677,correct
2270,0.4942329,correct
2271,0.19233987,correct
2272,0.6052767,correct
2273,2.0733058,correct
2274,0.45532566,correct
2275,0.4607337,correct
2276,0.3006504,correct
2277,0.3577229,correct
2278,0.40983456,correct
2279,0.47169894,correct
2280,0.52623177,correct
2281,0.8522394,correct
2282,1.4048322,correct
2283,1.163631,correct
2284,0.85967153,correct
2285,0.58785105,correct
2286,0.38755184,correct
2287,0.6523856,correct
2288,0.42360774,correct
2289,0.42265826,correct
2290,0.806775,correct
2291,0.41729385,correct
2292,0.76537,correct
2293,0.62547755,correct
2294,0.9007254,correct
2295,0.5113384,correct
2296,1.262022,correct
2297,2.5716863,correct
2298,0.8908895,correct
2299,0.8385885,correct
2300,0.31056195,correct
2301,0.23652731,correct
2302,0.5423227,correct
2303,0.27732116,correct
2304,0.45537207,correct
2305,1.7648845,correct
2306,0.5833119,correct
2307,0.75586975,correct
2308,1.451536,correct
2309,0.9652006,correct
2310,0.6089145,correct
2311,0.6950842,correct
2312,0.9645781,correct
2313,1.4277924,correct
2314,0.49841648,correct
2315,0.384786,correct
2316,2.1661777,correct
2317,0.30858657,correct
2318,0.31071246,correct
2319,0.71475774,correct
2320,0.38602412,correct
2321,1.0460006,correct
2322,0.87970597,correct
2323,0.45208624,correct
2324,0.8860286,correct
2325,1.0466852,correct
2326,0.66593426,correct
2327,0.7965238,correct
2328,1.6240177,correct
2329,1.0786669,correct
2330,0.47741145,correct
2331,1.1963923,correct
2332,1.1254385,correct
2333,0.44710296,correct
2334,119.34857,incorrect
2335,0.30079624,correct
2336,0.3032943,correct
2337,0.63573015,correct
2338,0.69133204,correct
2339,0.4057779,correct
2340,0.9516741,correct
2341,0.50643086,correct
2342,1.8371656,correct
2343,0.2473134,correct
2344,0.48429978,correct
2345,0.7897829,correct
2346,1.4041822,correct
2347,0.29928622,correct
2348,0.6159342,correct
2349,0.79460657,correct
2350,0.841884,correct
2351,0.5310739,correct
2352,0.5051542,correct
2353,0.57585776,correct
2354,0.6916256,correct
2355,0.47383448,correct
2356,0.30937052,correct
2357,0.7969097,correct
2358,0.35513473,correct
2359,1.3407195,correct
2360,1.3310852,correct
2361,2.8906043,correct
2362,0.43333247,correct
2363,0.366718,correct
2364,0.66224223,correct
2365,0.7827805,correct
2366,0.40714633,correct
2367,136.68176,incorrect
2368,0.8316746,correct
2369,0.2709785,correct
2370,0.89385027,correct
2371,0.8832233,correct
2372,0.21819702,correct
2373,0.7925883,correct
2374,0.7267938,correct
2375,0.64783794,correct
2376,1.7323984,correct
2377,1.1985022,correct
2378,0.6381519,correct
2379,1.0272632,correct
2380,1.1482781,correct
2381,0.70785666,correct
2382,4.457291,correct
2383,1.380239,correct
2384,0.34320506,correct
2385,0.30600116,correct
2386,0.24066512,correct
2387,1.2752931,correct
2388,0.37412572,correct
2389,0.4757348,correct
2390,1.0512325,correct
2391,0.87627643,correct
2392,0.5086946,correct
2393,0.6677754,correct
2394,0.34081915,correct
2395,0.9484353,correct
2396,0.8335689,correct
2397,0.49140912,correct
2398,1220.9785,incorrect
2399,0.24286568,correct
2400,0.61927307,correct
2401,0.6305593,correct
2402,1.5789988,correct
2403,106.071465,incorrect
2404,0.735427,correct
2405,0.5581415,correct
2406,0.4640632,correct
2407,0.6752797,correct
2408,1.4917442,correct
2409,1.4704542,correct
2410,0.9492734,correct
2411,0.61055446,correct
2412,0.36790183,correct
2413,0.507383,correct
2414,0.9057735,correct
2415,1.5179933,correct
2416,0.43712384,correct
2417,1.2302518,correct
2418,0.2846876,correct
2419,0.2925129,correct
2420,1.237674,correct
2421,0.6087376,correct
2422,0.73938584,correct
2423,0.73426175,correct
2424,0.62712634,correct
2425,2.431312,correct
2426,0.30175126,correct
2427,0.4252833,correct
2428,0.61589736,correct
2429,0.37932763,correct
2430,1.6812717,correct
2431,0.44788757,correct
2432,0.6031561,correct
2433,1.1433175,correct
2434,0.50357056,correct
2435,369.50125,incorrect
2436,0.33501157,correct
2437,0.9439417,correct
2438,0.8451451,correct
2439,0.6464095,correct
2440,0.5530302,correct
2441,0.53181267,correct
2442,1.048492,correct
2443,0.581436,correct
2444,0.8231404,correct
2445,0.3313453,correct
2446,0.37440068,correct
2447,0.4283271,correct
2448,0.34901547,correct
2449,0.8303385,correct
2450,0.5844829,correct
2451,0.44601434,correct
2452,0.5936681,correct
2453,0.41866273,correct
2454,0.5470409,correct
2455,1.223037,correct
2456,0.41233885,correct
2457,0.20483725,correct
2458,0.49350804,correct
2459,0.46242845,correct
2460,0.5126821,correct
2461,0.9098775,correct
2462,0.53455216,correct
2463,0.56621575,correct
2464,0.6918943,correct
2465,0.49479306,correct
2466,0.22654366,correct
2467,0.44392446,correct
2468,1.1211629,correct
2469,1.1266613,correct
2470,0.41981262,correct
2471,0.35309935,correct
2472,1171.1548,incorrect
2473,0.9640703,correct
2474,0.23319203,correct
2475,0.65831256,correct
2476,0.22726956,correct
2477,0.6920148,correct
2478,0.25142515,correct
2479,0.30171067,correct
2480,3.602777,correct
2481,0.7768363,correct
2482,0.34353966,correct
2483,0.79453117,correct
2484,0.38136065,correct
2485,0.8171249,correct
2486,38.93099,incorrect
2487,1.3140044,correct
2488,0.9658767,correct
2489,0.4475689,correct
2490,0.25812292,correct
2491,0.6897242,correct
2492,0.7815813,correct
2493,1.2559674,correct
2494,0.59138936,correct
2495,0.23942071,correct
2496,1.9284558,correct
2497,0.93035007,correct
2498,1.4141734,correct
2499,4865.0117,incorrect
2500,0.6219878,correct
2501,0.98318046,correct
2502,0.61529064,correct
2503,1.1601983,correct
2504,0.70631814,correct
2505,0.81602365,correct
2506,0.91887105,correct
2507,0.7300905,correct
2508,1.0803761,correct
2509,0.50169665,correct
2510,0.66417336,correct
2511,0.79807353,correct
2512,2.7528648,correct
2513,0.9091114,correct
2514,0.54090714,correct
2515,0.51051563,correct
2516,0.40970862,correct
2517,0.421408,correct
2518,0.682755,correct
2519,0.30171114,correct
2520,0.9891251,correct
2521,0.31639612,correct
2522,0.34551236,correct
2523,0.6336446,correct
2524,0.5413198,correct
2525,0.43960953,correct
2526,0.4543448,correct
2527,0.82734805,correct
2528,0.71349394,correct
2529,0.55723065,correct
2530,0.85385853,correct
2531,0.6677867,correct
2532,0.39662576,correct
2533,1.4643575,correct
2534,0.58632594,correct
2535,0.4253853,correct
2536,0.49218568,correct
2537,0.39436722,correct
2538,1.1821556,correct
2539,0.512027,correct
2540,0.7086344,correct
2541,0.5464884,correct
2542,0.6194713,correct
2543,0.20249364,correct
2544,0.41080028,correct
2545,0.49001497,correct
2546,0.50662166,correct
2547,0.31988448,correct
2548,0.57701135,correct
2549,0.63877267,correct
2550,0.5637656,correct
2551,0.9231298,correct
2552,1.13053,correct
2553,1.1382539,correct
2554,0.27064782,correct
2555,2.9642334,correct
2556,0.63735294,correct
2557,0.48582613,correct
2558,0.32690433,correct
2559,152.21571,incorrect
2560,0.565671,correct
2561,2700.2588,incorrect
2562,0.8599185,correct
2563,0.47978556,correct
2564,0.68850595,correct
2565,0.3056516,correct
2566,0.20358005,correct
2567,0.67669266,correct
2568,30.898138,incorrect
2569,0.48132783,correct
2570,1.3522128,correct
2571,3.295659,correct
2572,0.6886276,correct
2573,0.73676634,correct
2574,1.4422086,correct
2575,0.42247602,correct
2576,0.46980488,correct
2577,0.5801752,correct
2578,1.3919878,correct
2579,0.26226473,correct
2580,0.6628173,correct
2581,1.0277945,correct
2582,0.48190004,correct
2583,0.6418991,correct
2584,0.32888412,correct
2585,0.8345522,correct
2586,0.14577165,correct
2587,0.6292953,correct
2588,1.9426496,correct
2589,651.26416,incorrect
2590,0.50670016,correct
2591,0.42587808,correct
2592,0.5323925,correct
2593,0.6017078,correct
2594,0.34708136,correct
2595,0.3443485,correct
2596,0.39867502,correct
2597,1.0098047,correct
2598,0.7239127,correct
2599,0.77165866,correct
2600,0.39117298,correct
2601,0.51112765,correct
2602,0.55979,correct
2603,0.25116768,correct
2604,0.4230972,correct
2605,1.302662,correct
2606,0.7179788,correct
2607,1.2974572,correct
2608,0.50086886,correct
2609,0.37368575,correct
2610,0.41653788,correct
2611,0.3560418,correct
2612,0.47720888,correct
2613,0.690513,correct
2614,2.5415525,correct
2615,0.93704283,correct
2616,0.59002435,correct
2617,0.8394967,correct
2618,1.3215203,correct
2619,1.057481,correct
2620,0.68842196,correct
2621,1.6305823,correct
2622,0.54942316,correct
2623,0.52260566,correct
2624,0.5275608,correct
2625,0.6669736,correct
2626,0.5866183,correct
2627,0.82193244,correct
2628,0.4312717,correct
2629,0.47365305,correct
2630,1.0814445,correct
2631,0.5311408,correct
2632,0.30539426,correct
2633,0.46131748,correct
2634,0.2080512,correct
2635,1.2718642,correct
2636,0.6530833,correct
2637,1.1393127,correct
2638,1.3000072,correct
2639,0.6841226,correct
2640,1.0385327,correct
2641,12.479971,incorrect
2642,0.29377586,correct
2643,0.7422092,correct
2644,0.5914494,correct
2645,0.6863685,correct
2646,0.54548347,correct
2647,0.6930586,correct
2648,0.5139003,correct
2649,0.258143,correct
2650,1.1620154,correct
2651,0.713743,correct
2652,1.2073255,correct
2653,0.9293878,correct
2654,0.39664474,correct
2655,0.6418965,correct
2656,0.5766572,correct
2657,0.83869064,correct
2658,0.3555234,correct
2659,0.92666984,correct
2660,0.55215955,correct
2661,1.666357,correct
2662,0.64542377,correct
2663,0.7636441,correct
2664,0.6715165,correct
2665,0.832667,correct
2666,0.85137993,correct
2667,1.4066348,correct
2668,0.81768453,correct
2669,0.43434024,correct
2670,0.27796966,correct
2671,0.4570394,correct
2672,0.83813816,correct
2673,0.35015085,correct
2674,0.53820986,correct
2675,0.6956911,correct
2676,0.8481775,correct
2677,0.39014602,correct
2678,0.4631135,correct
2679,0.47942635,correct
2680,0.7434663,correct
2681,1.1159506,correct
2682,0.81530774,correct
2683,0.78083146,correct
2684,1.0915527,correct
2685,1120.6649,incorrect
2686,0.7504646,correct
2687,315.799,incorrect
2688,0.6892644,correct
2689,0.5429039,correct
2690,0.64488333,correct
2691,4.394508,correct
2692,0.57876635,correct
2693,0.46547458,correct
2694,0.7736529,correct
2695,1.0816543,correct
2696,10.046156,incorrect
2697,0.87793195,correct
2698,0.6200065,correct
2699,0.42316592,correct
2700,0.6525634,correct
2701,0.6942501,correct
2702,0.37129712,correct
2703,0.76976943,correct
2704,0.4462905,correct
2705,0.28892165,correct
2706,0.5377444,correct
2707,1.101335,correct
2708,0.620944,correct
2709,0.547558,correct
2710,1.8476105,correct
2711,1.7803118,correct
2712,0.25566196,correct
2713,0.31718302,correct
2714,1.2448751,correct
2715,1.1424859,correct
2716,0.46347383,correct
2717,0.52216613,correct
2718,0.5278644,correct
2719,1.9254268,correct
2720,0.62060344,correct
2721,1.1789417,correct
2722,1.1968306,correct
2723,0.73252916,correct
2724,492.74988,incorrect
2725,0.7792165,correct
2726,0.46213618,correct
2727,0.7002821,correct
2728,0.6541257,correct
2729,5.041495,incorrect
2730,0.55026984,correct
2731,0.7138682,correct
2732,347.82773,incorrect
2733,0.72177076,correct
2734,0.5740436,correct
2735,1.1945378,correct
2736,0.7806922,correct
2737,0.48833957,correct
2738,0.78770995,correct
2739,0.24765307,correct
2740,0.44043106,correct
2741,0.43984857,correct
2742,1154.6941,incorrect
2743,0.5666506,correct
2744,0.37003493,correct
2745,1.0863328,correct
2746,0.44139275,correct
2747,0.6393298,correct
2748,0.44674477,correct
2749,0.86494356,correct
2750,0.4277461,correct
2751,1.1371711,correct
2752,16.910995,incorrect
2753,0.539681,correct
2754,0.8927632,correct
2755,0.8562718,correct
2756,326.21616,incorrect
2757,0.5894455,correct
2758,0.38395482,correct
2759,771.12274,incorrect
2760,0.36563808,correct
2761,2130.7227,incorrect
2762,0.8814794,correct
2763,0.5644751,correct
2764,0.45495844,correct
2765,2.030056,correct
2766,0.36553723,correct
2767,0.7581751,correct
2768,0.37203717,correct
2769,1.1910778,correct
2770,1.2294097,correct
2771,0.8071065,correct
2772,1.6862336,correct
2773,0.48539844,correct
2774,0.9482222,correct
2775,0.44649088,correct
2776,0.612391,correct
2777,169.06766,incorrect
2778,72.580315,incorrect
2779,1.5091431,correct
2780,0.50881135,correct
2781,0.59775007,correct
2782,0.77397233,correct
2783,0.5616496,correct
2784,0.33948824,correct
2785,0.35953924,correct
2786,0.62757397,correct
2787,0.2452412,correct
2788,0.52624786,correct
2789,1.7805451,correct
2790,1.5123072,correct
2791,0.5724958,correct
2792,0.5559271,correct
2793,0.9432198,correct
2794,0.99443185,correct
2795,1.5996287,correct
2796,0.4170395,correct
2797,1.8923911,correct
2798,0.76172364,correct
2799,0.9328233,correct
2800,0.87937677,correct
2801,0.73217577,correct
2802,0.6573819,correct
2803,0.31260663,correct
2804,0.90469897,correct
2805,1819.4602,incorrect
2806,0.28283346,correct
2807,0.77907825,correct
2808,0.4786884,correct
2809,0.30937567,correct
2810,0.41961333,correct
2811,0.72115505,correct
2812,0.6633276,correct
2813,0.46207294,correct
2814,1.4871811,correct
2815,0.49357724,correct
2816,0.5786172,correct
2817,0.33538005,correct
2818,0.5020397,correct
2819,1.559935,correct
2820,1.1277515,correct
2821,0.85875577,correct
2822,1.5010842,correct
2823,0.6697465,correct
2824,0.93276846,correct
2825,10.525643,incorrect
2826,0.32574755,correct
2827,1.8725495,correct
2828,1.2504838,correct
2829,0.96909976,correct
2830,0.33633977,correct
2831,1.5316677,correct
2832,0.45312572,correct
2833,0.58626616,correct
2834,0.92711115,correct
2835,0.43661183,correct
2836,1.3538601,correct
2837,0.802061,correct
2838,557.8998,incorrect
2839,0.9954002,correct
2840,0.3653214,correct
2841,0.42829114,correct
2842,0.6884615,correct
2843,0.39191592,correct
2844,0.32355937,correct
2845,0.745735,correct
2846,0.88019335,correct
2847,1.2526088,correct
2848,0.55367243,correct
2849,0.25945476,correct
2850,1.1195078,correct
2851,0.38479614,correct
2852,0.51054955,correct
2853,0.392604,correct
2854,0.7444681,correct
2855,1.2835338,correct
2856,0.48708335,correct
2857,0.31069624,correct
2858,0.7931129,correct
2859,0.42285556,correct
2860,1.21718,correct
2861,1.0040777,correct
2862,0.44774428,correct
2863,0.49401248,correct
2864,0.35014325,correct
2865,0.6622754,correct
2866,1.3826802,correct
2867,0.98280025,correct
2868,1.2387162,correct
2869,0.9428847,correct
2870,0.53110373,correct
2871,0.81902647,correct
2872,1044.256,incorrect
2873,0.33684778,correct
2874,1.0043669,correct
2875,0.7412,correct
2876,0.5171974,correct
2877,1.1899887,correct
2878,0.39063305,correct
2879,0.9299141,correct
2880,0.3234697,correct
2881,1.4551605,correct
2882,0.507041,correct
2883,0.5023732,correct
2884,628.67725,incorrect
2885,0.4701196,correct
2886,0.3216612,correct
2887,0.9898149,correct
2888,0.24824986,correct
2889,0.20130238,correct
2890,0.46058506,correct
2891,1.2660409,correct
2892,0.8372224,correct
2893,0.60816723,correct
2894,2.015418,correct
2895,2744.475,incorrect
2896,5.6011515,incorrect
2897,0.28254718,correct
2898,0.6349822,correct
2899,0.83931506,correct
2900,2.62469,correct
2901,0.41629952,correct
2902,0.58062446,correct
2903,0.62003803,correct
2904,0.46962976,correct
2905,0.5955657,correct
2906,0.4294664,correct
2907,0.29371232,correct
2908,0.43275648,correct
2909,0.30355233,correct
2910,1360.4038,incorrect
2911,1.1882939,correct
2912,2.8240561,correct
2913,0.6375977,correct
2914,0.83281875,correct
2915,0.5492048,correct
2916,6.195059,incorrect
2917,0.6705707,correct
2918,1.0471926,correct
2919,0.88917154,correct
2920,1.7559818,correct
2921,1126.5101,incorrect
2922,0.6147036,correct
2923,0.50701356,correct
2924,1.5603828,correct
2925,0.55029535,correct
2926,0.2735604,correct
2927,1.3694103,correct
2928,0.33340546,correct
2929,1.1652887,correct
2930,0.47744945,correct
2931,0.6498219,correct
2932,1.2650408,correct
2933,0.6834774,correct
2934,0.64243925,correct
2935,1.039675,correct
2936,0.5721571,correct
2937,0.35681963,correct
2938,0.6494891,correct
2939,0.40641376,correct
2940,0.7867701,correct
2941,0.77377737,correct
2942,0.51300824,correct
2943,0.8721397,correct
2944,0.40091524,correct
2945,0.492962,correct
2946,0.30670843,correct
2947,0.373043,correct
2948,0.40393674,correct
2949,0.34385312,correct
2950,0.6607735,correct
2951,0.4275114,correct
2952,1.076083,correct
2953,0.55765426,correct
2954,1.161881,correct
2955,0.48117128,correct
2956,0.74587035,correct
2957,0.6146947,correct
2958,1.7948861,correct
2959,3125.0369,incorrect
2960,620.38794,incorrect
2961,0.9151723,correct
2962,0.8063154,correct
2963,0.3927431,correct
2964,1.5343206,correct
2965,0.74666095,correct
2966,0.34378722,correct
2967,0.49117464,correct
2968,0.33755326,correct
2969,1.0704894,correct
2970,0.5938615,correct
2971,1.4351869,correct
2972,0.53197384,correct
2973,0.90628654,correct
2974,0.5153532,correct
2975,0.65925217,correct
2976,2.318324,correct
2977,0.34456807,correct
2978,0.5591042,correct
2979,0.39658725,correct
2980,0.6157141,correct
2981,0.48271316,correct
2982,0.5486345,correct
2983,0.96844983,correct
2984,0.45752758,correct
2985,0.7843305,correct
2986,1.1070904,correct
2987,1.0244738,correct
2988,0.5144586,correct
2989,0.8856539,correct
2990,0.74848926,correct
2991,0.36028457,correct
2992,0.47655553,correct
2993,0.46541905,correct
2994,0.2855638,correct
2995,0.43486464,correct
2996,0.36602494,correct
2997,0.54617023,correct
2998,0.8654168,correct
2999,0.43106097,correct
3000,0.75230056,correct
3001,1.0198005,correct
3002,0.55777717,correct
3003,1.1075325,correct
3004,0.4223344,correct
3005,0.93798864,correct
3006,433.62512,incorrect
3007,2.0033135,correct
3008,0.59979427,correct
3009,0.6239246,correct
3010,6.3068533,incorrect
3011,0.7412026,correct
3012,0.7449504,correct
3013,0.5178741,correct
3014,0.37497935,correct
3015,1.1457531,correct
3016,0.7411559,correct
3017,0.8365351,correct
3018,1.167674,correct
3019,0.60506237,correct
3020,0.7166313,correct
3021,0.35138306,correct
3022,543.52563,incorrect
3023,0.26752794,correct
3024,0.52454925,correct
3025,0.36040133,correct
3026,1.8733528,correct
3027,0.90244186,correct
3028,0.49908012,correct
3029,0.21824354,correct
3030,3.7464178,correct
3031,0.58215344,correct
3032,0.36081022,correct
3033,0.5297297,correct
3034,0.31996143,correct
3035,0.3951857,correct
3036,0.90524447,correct
3037,0.6511254,correct
3038,0.8294877,correct
3039,2.2057104,correct
3040,0.8946222,correct
3041,0.42142612,correct
3042,0.63925105,correct
3043,0.61227673,correct
3044,0.45230976,correct
3045,0.40396613,correct
3046,3.1409183,correct
3047,0.3337156,correct
3048,0.94183713,correct
3049,0.42350394,correct
3050,0.37860784,correct
3051,0.66800344,correct
3052,0.5787538,correct
3053,0.4533403,correct
3054,0.26556298,correct
3055,0.6976907,correct
3056,1.3668112,correct
3057,0.43378508,correct
3058,0.50176835,correct
3059,0.60144484,correct
3060,0.79340875,correct
3061,0.69941306,correct
3062,0.63177717,correct
3063,1.7308099,correct
3064,0.44223237,correct
3065,0.48616314,correct
3066,0.37681514,correct
3067,0.37519774,correct
3068,2.301959,correct
3069,0.3346473,correct
3070,0.8051318,correct
3071,0.6846039,correct
3072,0.82495916,correct
3073,0.4332908,correct
3074,1239.1425,incorrect
3075,0.49634182,correct
3076,0.9678597,correct
3077,0.4805699,correct
3078,0.8654705,correct
3079,1982.763,incorrect
3080,0.83764344,correct
3081,1.7635727,correct
3082,6.8226852,incorrect
3083,319.66183,incorrect
3084,1.5478158,correct
3085,0.6145665,correct
3086,1.5699728,correct
3087,0.512824,correct
3088,1.2412431,correct
3089,1.8328311,correct
3090,0.25214034,correct
3091,0.82486033,correct
3092,0.45627543,correct
3093,0.74509984,correct
3094,0.7216685,correct
3095,1.0695132,correct
3096,0.50443816,correct
3097,0.54502916,correct
3098,0.7004778,correct
3099,0.5144316,correct
3100,0.27180403,correct
3101,0.89048123,correct
3102,1845.5094,incorrect
3103,2233.0144,incorrect
3104,0.76297355,correct
3105,0.37671363,correct
3106,0.41929695,correct
3107,0.62884396,correct
3108,1.153214,correct
3109,0.5247413,correct
3110,0.60828674,correct
3111,1.038366,correct
3112,1.0158432,correct
3113,0.46747962,correct
3114,1.1809893,correct
3115,0.93170726,correct
3116,0.6084269,correct
3117,0.6248019,correct
3118,1.0870129,correct
3119,0.96476436,correct
3120,2.1880188,correct
3121,0.4303429,correct
3122,0.57064617,correct
3123,0.32344535,correct
3124,0.88745236,correct
3125,1415.2622,incorrect
3126,0.23978908,correct
3127,0.47102574,correct
3128,0.41114426,correct
3129,0.5824131,correct
3130,0.42779163,correct
3131,0.7852309,correct
3132,4.681065,correct
3133,0.40731218,correct
3134,1826.2905,incorrect
3135,0.9982821,correct
3136,0.556804,correct
3137,95.102486,incorrect
3138,0.5785248,correct
3139,0.56069964,correct
3140,17.743168,incorrect
3141,0.99218434,correct
3142,1300.9963,incorrect
3143,0.31279838,correct
3144,0.6951107,correct
3145,0.42189252,correct
3146,0.6974114,correct
3147,1.5812705,correct
3148,0.6454874,correct
3149,261.52,incorrect
3150,0.6073099,correct
3151,0.7066305,correct
3152,0.46704865,correct
3153,0.45834774,correct
3154,2.1917455,correct
3155,0.8818161,correct
3156,1.0719537,correct
3157,0.43250182,correct
3158,0.2026343,correct
3159,0.39721924,correct
3160,0.33310843,correct
3161,1.4726429,correct
3162,0.34495458,correct
3163,0.8695241,correct
3164,0.3064043,correct
3165,0.48075032,correct
3166,6.8934913,incorrect
3167,0.70170814,correct
3168,0.35905248,correct
3169,0.36069775,correct
3170,0.33174878,correct
3171,0.90038997,correct
3172,0.5805453,correct
3173,0.6654707,correct
3174,0.47159767,correct
3175,0.57354003,correct
3176,2.4401774,correct
3177,0.8041643,correct
3178,0.5283616,correct
3179,0.50270003,correct
3180,0.6566934,correct
3181,0.42136693,correct
3182,1.0188197,correct
3183,1.1475213,correct
3184,1.0135422,correct
3185,1.4392598,correct
3186,0.8482963,correct
3187,0.64586896,correct
3188,0.4831099,correct
3189,0.4309585,correct
3190,0.3667819,correct
3191,0.62393177,correct
3192,0.75222665,correct
3193,0.8698654,correct
3194,0.8013847,correct
3195,0.63813144,correct
3196,1.3072611,correct
3197,0.8723644,correct
3198,0.9148513,correct
3199,1989.6589,incorrect
3200,0.9264252,correct
3201,0.671798,correct
3202,0.44343075,correct
3203,0.7859612,correct
3204,0.89279705,correct
3205,0.53464895,correct
3206,0.62553865,correct
3207,1.9164017,correct
3208,0.48253673,correct
3209,0.38402772,correct
3210,0.7815305,correct
3211,0.61235344,correct
3212,1.0896591,correct
3213,0.29353303,correct
3214,1.7188061,correct
3215,1.2140431,correct
3216,0.64949024,correct
3217,0.6048392,correct
3218,1.2002482,correct
3219,0.3264919,correct
3220,348.05765,incorrect
3221,0.8626474,correct
3222,1059.4567,incorrect
3223,0.6407374,correct
3224,0.58701,correct
3225,1.2667664,correct
3226,0.43634605,correct
3227,0.33715397,correct
3228,1.2296814,correct
3229,0.3256577,correct
3230,2929.3625,incorrect
3231,0.34647113,correct
3232,0.3086622,correct
3233,0.6146953,correct
3234,0.7056103,correct
3235,0.37093002,correct
3236,0.5799191,correct
3237,0.6428064,correct
3238,0.26280165,correct
3239,0.55210185,correct
3240,1.2326889,correct
3241,0.9762208,correct
3242,0.9430172,correct
3243,1.3898513,correct
3244,2.1044602,correct
3245,0.5197489,correct
3246,0.64330935,correct
3247,0.5150533,correct
3248,0.46823665,correct
3249,0.47150302,correct
3250,0.26259714,correct
3251,0.26842314,correct
3252,0.3811733,correct
3253,0.6356096,correct
3254,0.43489647,correct
3255,1543.2134,incorrect
3256,0.423039,correct
3257,0.50385875,correct
3258,2890.2207,incorrect
3259,0.6944642,correct
3260,0.782014,correct
3261,0.83885497,correct
3262,0.38808924,correct
3263,0.67505896,correct
3264,0.41326752,correct
3265,0.1787613,correct
3266,25.734806,incorrect
3267,0.52208275,correct
3268,0.5188953,correct
3269,0.9526917,correct
3270,0.7864837,correct
3271,1.0142281,correct
3272,84.34108,incorrect
3273,0.5606784,correct
3274,0.85514295,correct
3275,3.534689,correct
3276,0.75397855,correct
3277,112.61352,incorrect
3278,0.46850714,correct
3279,3044.8167,incorrect
3280,0.8395738,correct
3281,0.33645937,correct
3282,1.0069312,correct
3283,1.081805,correct
3284,1.3703291,correct
3285,0.78076726,correct
3286,0.5728403,correct
3287,3.0821474,correct
3288,2.5711985,correct
3289,0.8810444,correct
3290,0.73654866,correct
3291,1.1971422,correct
3292,0.67835677,correct
3293,0.32777214,correct
3294,0.29807854,correct
3295,631.0676,incorrect
3296,0.4347611,correct
3297,182.675,incorrect
3298,0.53107244,correct
3299,0.33749336,correct
3300,1519.0752,incorrect
3301,0.87071353,correct
3302,0.37486976,correct
3303,0.87946606,correct
3304,0.26452023,correct
3305,0.5461622,correct
3306,1.2895652,correct
3307,1.6403127,correct
3308,0.33323377,correct
3309,0.6752023,correct
3310,0.5001422,correct
3311,6.5104733,incorrect
3312,0.37499437,correct
3313,0.3250435,correct
3314,740.7888,incorrect
3315,0.1637589,correct
3316,0.45748934,correct
3317,0.41422284,correct
3318,0.93992066,correct
3319,0.24622351,correct
3320,0.27693176,correct
3321,0.75464666,correct
3322,0.392971,correct
3323,1.2655643,correct
3324,0.6749716,correct
3325,0.2907828,correct
3326,0.7121924,correct
3327,0.5204786,correct
3328,1.1656904,correct
3329,0.8759888,correct
3330,0.43792754,correct
3331,0.44556543,correct
3332,1.5201639,correct
3333,0.3290717,correct
3334,0.3664025,correct
3335,2.1754968,correct
3336,0.2807207,correct
3337,0.5421971,correct
3338,0.6998828,correct
3339,0.36398795,correct
3340,0.13990746,correct
3341,0.37315542,correct
3342,1.5438664,correct
3343,146.52138,incorrect
3344,0.26957583,correct
3345,0.41429472,correct
3346,0.5206623,correct
3347,171.22398,incorrect
3348,5.783982,incorrect
3349,0.5161522,correct
3350,1.0378175,correct
3351,313.81256,incorrect
3352,0.39339605,correct
3353,1.7983906,correct
3354,0.35936648,correct
3355,0.30654478,correct
3356,0.66183496,correct
3357,0.62192535,correct
3358,0.65307295,correct
3359,603.14685,incorrect
3360,0.35533124,correct
3361,0.35991108,correct
3362,0.50883174,correct
3363,0.5036671,correct
3364,0.4002939,correct
3365,0.7640778,correct
3366,0.9706799,correct
3367,0.618122,correct
3368,0.5245837,correct
3369,0.7706025,correct
3370,0.4611475,correct
3371,0.63650644,correct
3372,0.7321025,correct
3373,0.3536572,correct
3374,3515.6858,incorrect
3375,0.98069894,correct
3376,0.74095494,correct
3377,0.64649516,correct
3378,0.47477335,correct
3379,0.5659681,correct
3380,0.5919564,correct
3381,0.59515387,correct
3382,0.6837886,correct
3383,0.97647345,correct
3384,0.23576228,correct
3385,1.1447049,correct
3386,0.44080704,correct
3387,0.6821834,correct
3388,1.732861,correct
3389,0.70923257,correct
3390,0.46142727,correct
3391,0.71806383,correct
3392,2.4872584,correct
3393,0.40975314,correct
3394,0.7818767,correct
3395,0.9903557,correct
3396,0.868003,correct
3397,1.1236334,correct
3398,0.61755216,correct
3399,0.29313707,correct
3400,235.1055,incorrect
3401,0.48442996,correct
3402,0.44789416,correct
3403,1.0180423,correct
3404,0.2746698,correct
3405,1.1490815,correct
3406,0.76242304,correct
3407,0.72106695,correct
3408,1.1812181,correct
3409,1.1988037,correct
3410,0.37729532,correct
3411,1.6467168,correct
3412,0.54766726,correct
3413,334.66794,incorrect
3414,0.4443616,correct
3415,1.4184237,correct
3416,6.9113555,incorrect
3417,1.0900941,correct
3418,0.49997044,correct
3419,0.34937438,correct
3420,0.4658837,correct
3421,0.66471475,correct
3422,0.71361154,correct
3423,1.2846934,correct
3424,0.79351264,correct
3425,2.5615788,correct
3426,0.96536136,correct
3427,0.42114526,correct
3428,0.39501432,correct
3429,2983.7888,incorrect
3430,1.4878877,correct
3431,0.52049947,correct
3432,1.3692515,correct
3433,0.23196955,correct
3434,0.7636734,correct
3435,0.9131986,correct
3436,200.68626,incorrect
3437,0.3831278,correct
3438,1.1864693,correct
3439,0.54270303,correct
3440,0.6710453,correct
3441,0.44438452,correct
3442,0.42197084,correct
3443,0.5415917,correct
3444,0.61346316,correct
3445,1.608192,correct
3446,0.35111958,correct
3447,1.0542697,correct
3448,0.7515514,correct
3449,0.30711618,correct
3450,0.43878376,correct
3451,0.57908297,correct
3452,0.25380236,correct
3453,1.9468644,correct
3454,0.94928,correct
3455,0.76757324,correct
3456,1.0561008,correct
3457,1.0603127,correct
3458,0.7379755,correct
3459,1.0982645,correct
3460,0.5189606,correct
3461,0.600858,correct
3462,0.50962996,correct
3463,0.85301447,correct
3464,21.581745,incorrect
3465,1.2013228,correct
3466,0.59625727,correct
3467,0.75947607,correct
3468,254.71028,incorrect
3469,0.8688177,correct
3470,0.34531683,correct
3471,1.2277708,correct
3472,0.69390917,correct
3473,0.6154658,correct
3474,1.5354056,correct
3475,1.2321042,correct
3476,0.7244089,correct
3477,0.6737414,correct
3478,0.68089426,correct
3479,0.99846935,correct
3480,0.78680694,correct
3481,0.9035356,correct
3482,0.5498844,correct
3483,0.4678927,correct
3484,0.37420654,correct
3485,0.5886613,correct
3486,0.9067086,correct
3487,1.3077815,correct
3488,0.5594156,correct
3489,0.6328148,correct
3490,1375.8241,incorrect
3491,0.4073497,correct
3492,0.3274648,correct
3493,1.9074186,correct
3494,0.32928377,correct
3495,1095.6895,incorrect
3496,0.60628164,correct
3497,0.8914672,correct
3498,0.65486157,correct
3499,0.72423565,correct
3500,1.8695958,correct
3501,0.712782,correct
3502,0.73583406,correct
3503,0.45639846,correct
3504,0.28668725,correct
3505,1.4616648,correct
3506,2.1305163,correct
3507,0.56947196,correct
3508,0.69021595,correct
3509,0.8659414,correct
3510,0.41093352,correct
3511,285.4957,incorrect
3512,0.6767726,correct
3513,0.96257824,correct
3514,0.5350355,correct
3515,0.8600861,correct
3516,0.57844526,correct
3517,1.3060355,correct
3518,0.87800515,correct
3519,0.3304339,correct
3520,0.56724596,correct
3521,0.71671164,correct
3522,0.3984496,correct
3523,0.81085,correct
3524,1.9941523,correct
3525,0.43954796,correct
3526,0.80263317,correct
3527,0.53193665,correct
3528,0.3010083,correct
3529,1.0373638,correct
3530,0.6806226,correct
3531,0.5373478,correct
3532,0.5425225,correct
3533,0.53237957,correct
3534,0.33725607,correct
3535,0.36877546,correct
3536,0.71518654,correct
3537,0.54003835,correct
3538,0.6026685,correct
3539,0.42444432,correct
3540,1.0474092,correct
3541,1.1967657,correct
3542,0.41931528,correct
3543,0.5758002,correct
3544,0.48856407,correct
3545,1.1845053,correct
3546,0.76083153,correct
3547,0.69199723,correct
3548,0.48485652,correct
3549,0.5266741,correct
3550,0.33360428,correct
3551,1.1346791,correct
3552,0.7251862,correct
3553,0.4883719,correct
3554,0.60843223,correct
3555,0.7524656,correct
3556,0.5221767,correct
3557,0.23403183,correct
3558,1.6484828,correct
3559,1.2119172,correct
3560,0.8546928,correct
3561,0.40078345,correct
3562,567.55457,incorrect
3563,0.6460631,correct
3564,1.069453,correct
3565,0.71464694,correct
3566,0.5188026,correct
3567,0.98050886,correct
3568,0.34453452,correct
3569,0.92543495,correct
3570,1.3805623,correct
3571,0.2598188,correct
3572,0.75774145,correct
3573,0.78196555,correct
3574,0.4269896,correct
3575,0.5895811,correct
3576,1.9291193,correct
3577,0.5892884,correct
3578,0.56578237,correct
3579,1.1672556,correct
3580,0.70573366,correct
3581,0.48928052,correct
3582,0.65663016,correct
3583,279.90018,incorrect
3584,0.52319205,correct
3585,0.25008637,correct
3586,425.76428,incorrect
3587,0.7050457,correct
3588,0.38431704,correct
3589,1.0955018,correct
3590,0.34704617,correct
3591,0.9905858,correct
3592,0.39139098,correct
3593,0.29596716,correct
3594,0.47832322,correct
3595,0.32228646,correct
3596,0.6477796,correct
3597,0.6314397,correct
3598,0.6185075,correct
3599,0.37496695,correct
3600,0.32863006,correct
3601,0.23315547,correct
3602,0.53069824,correct
3603,0.92555517,correct
3604,0.24688718,correct
3605,0.44979465,correct
3606,0.67490536,correct
3607,0.5857712,correct
3608,1.0520763,correct
3609,0.79438794,correct
3610,1.4792695,correct
3611,0.2814265,correct
3612,0.5953841,correct
3613,0.23381232,correct
3614,0.46561253,correct
3615,0.5680712,correct
3616,2692.502,incorrect
3617,0.49014273,correct
3618,1.0507009,correct
3619,0.4985173,correct
3620,1.5243881,correct
3621,0.9231942,correct
3622,0.68352073,correct
3623,0.8647158,correct
3624,1.890929,correct
3625,0.48446816,correct
3626,0.47116202,correct
3627,0.22774214,correct
3628,0.5407101,correct
3629,0.5483838,correct
3630,0.716459,correct
3631,0.4351713,correct
3632,0.7625811,correct
3633,0.86656624,correct
3634,0.9690722,correct
3635,0.53621185,correct
3636,0.46099374,correct
3637,0.57326144,correct
3638,0.54822665,correct
3639,1.6301892,correct
3640,0.5390072,correct
3641,1.01494,correct
3642,0.49280083,correct
3643,0.354299,correct
3644,0.24156672,correct
3645,0.3804646,correct
3646,0.54353714,correct
3647,0.59526396,correct
3648,0.6931484,correct
3649,0.993209,correct
3650,0.59529746,correct
3651,0.4164548,correct
3652,0.30809954,correct
3653,0.74687135,correct
3654,0.4748302,correct
3655,1.5409433,correct
3656,0.6725471,correct
3657,0.62901044,correct
3658,0.53227025,correct
3659,2.066894,correct
3660,1.27361,correct
3661,2966.8577,incorrect
3662,3.4436169,correct
3663,0.8041456,correct
3664,1.3661176,correct
3665,0.89644665,correct
3666,1.6699016,correct
3667,0.94955313,correct
3668,0.5925169,correct
3669,270.56174,incorrect
3670,0.4351663,correct
3671,0.7890918,correct
3672,1.3731027,correct
3673,1.1478384,correct
3674,0.9119373,correct
3675,0.4593113,correct
3676,0.45914727,correct
3677,0.59121096,correct
3678,0.61960864,correct
3679,0.74817586,correct
3680,0.47036117,correct
3681,0.52432936,correct
3682,0.48175606,correct
3683,0.5790725,correct
3684,0.54821885,correct
3685,0.5728791,correct
3686,0.86200976,correct
3687,0.52200353,correct
3688,4890.814,incorrect
3689,0.5228201,correct
3690,0.94356185,correct
3691,0.5583618,correct
3692,0.4885884,correct
3693,0.35340625,correct
3694,0.15110841,correct
3695,0.19811986,correct
3696,0.5234947,correct
3697,0.4755243,correct
3698,1.007441,correct
3699,0.5990332,correct
3700,1.1194503,correct
3701,0.41203153,correct
3702,0.59829175,correct
3703,0.32246608,correct
3704,0.734829,correct
3705,0.5392097,correct
3706,0.4160097,correct
3707,0.96200454,correct
3708,0.24587822,correct
3709,0.95846355,correct
3710,1.9796879,correct
3711,0.43644112,correct
3712,1.0056403,correct
3713,1057.9938,incorrect
3714,0.54005754,correct
3715,0.5624734,correct
3716,0.33954176,correct
3717,0.51044303,correct
3718,0.69234574,correct
3719,0.39038524,correct
3720,0.3899351,correct
3721,0.7019477,correct
3722,1.452353,correct
3723,0.6362322,correct
3724,0.9661149,correct
3725,0.72960186,correct
3726,0.24496277,correct
3727,0.47741568,correct
3728,551.0121,incorrect
3729,1.5947695,correct
3730,0.69528824,correct
3731,0.7908748,correct
3732,1.1652611,correct
3733,0.42038363,correct
3734,2.235825,correct
3735,0.79555,correct
3736,1.6527526,correct
3737,192.09271,incorrect
3738,0.74613816,correct
3739,2.0748172,correct
3740,0.20236008,correct
3741,268.80035,incorrect
3742,0.98589754,correct
3743,1.2605965,correct
3744,4.1235414,correct
3745,1.0978956,correct
3746,1.2114437,correct
3747,0.37209997,correct
3748,0.62482226,correct
3749,1250.9525,incorrect
3750,1.539952,correct
3751,0.48241636,correct
3752,0.42007953,correct
3753,0.24116643,correct
3754,1.1273694,correct
3755,0.68702376,correct
3756,0.50835097,correct
3757,1.038593,correct
3758,0.594363,correct
3759,0.8926004,correct
3760,0.9456618,correct
3761,1.8398595,correct
3762,0.31767386,correct
3763,1.1019639,correct
3764,0.51105404,correct
3765,1.1244648,correct
3766,0.37084475,correct
3767,0.9044424,correct
3768,0.47002006,correct
3769,0.6380382,correct
3770,1.0164142,correct
3771,0.33484933,correct
3772,0.6320889,correct
3773,1754.6785,incorrect
3774,0.3006953,correct
3775,0.30405444,correct
3776,0.26133657,correct
3777,985.06805,incorrect
3778,1.3275758,correct
3779,0.6793866,correct
3780,1.3874261,correct
3781,0.8254773,correct
3782,0.45029044,correct
3783,0.43353707,correct
3784,0.5834313,correct
3785,12.452222,incorrect
3786,0.6998309,correct
3787,0.45745423,correct
3788,0.7926933,correct
3789,0.53330207,correct
3790,0.7890123,correct
3791,1.2245116,correct
3792,0.22153911,correct
3793,1.6331999,correct
3794,459.31097,incorrect
3795,0.76989377,correct
3796,0.57603,correct
3797,0.81315434,correct
3798,0.59424484,correct
3799,1.1907163,correct
3800,0.32948986,correct
3801,0.48491594,correct
3802,0.5753076,correct
3803,0.45664546,correct
3804,0.51680815,correct
3805,0.99902683,correct
3806,0.35832414,correct
3807,0.5758704,correct
3808,0.2065317,correct
3809,0.5745084,correct
3810,0.37531036,correct
3811,0.9392054,correct
3812,0.47802463,correct
3813,0.25082046,correct
3814,0.12562503,correct
3815,0.88338685,correct
3816,0.26310492,correct
3817,0.48892248,correct
3818,0.53020185,correct
3819,0.7958602,correct
3820,1.3503683,correct
3821,0.28924328,correct
3822,0.54968566,correct
3823,0.65962297,correct
3824,0.2947876,correct
3825,1.4916449,correct
3826,0.3898891,correct
3827,0.8492305,correct
3828,0.60675937,correct
3829,125.65372,incorrect
3830,1.2082117,correct
3831,0.9043885,correct
3832,0.5628668,correct
3833,0.9104799,correct
3834,0.41723675,correct
3835,1478.6672,incorrect
3836,0.308888,correct
3837,0.45597923,correct
3838,0.37412995,correct
3839,0.42015558,correct
3840,0.2566978,correct
3841,0.92168033,correct
3842,16.518097,incorrect
3843,1974.8151,incorrect
3844,0.5320742,correct
3845,0.8489802,correct
3846,1684.0166,incorrect
3847,0.348136,correct
3848,0.44120944,correct
3849,0.69463515,correct
3850,0.9973584,correct
3851,1.7762926,correct
3852,0.57825667,correct
3853,0.22255966,correct
3854,0.6075448,correct
3855,0.7641312,correct
3856,0.53643394,correct
3857,0.3262502,correct
3858,0.52866775,correct
3859,0.8076985,correct
3860,0.46894464,correct
3861,0.44436318,correct
3862,0.86018157,correct
3863,0.5970998,correct
3864,1.0095737,correct
3865,0.49580958,correct
3866,0.5035157,correct
3867,0.8752849,correct
3868,0.5892368,correct
3869,0.6053444,correct
3870,0.59251285,correct
3871,1.2472351,correct
3872,0.32488066,correct
3873,0.47299013,correct
3874,2.0651073,correct
3875,1.0010076,correct
3876,0.62097216,correct
3877,0.5515466,correct
3878,0.6601093,correct
3879,0.66363883,correct
3880,0.8936844,correct
3881,1.0175792,correct
3882,0.5900277,correct
3883,0.95253074,correct
3884,0.5520643,correct
3885,0.44589537,correct
3886,0.5081033,correct
3887,0.36336476,correct
3888,1.0399933,correct
3889,1.1431899,correct
3890,1.2816293,correct
3891,0.59502566,correct
3892,1.5717845,correct
3893,0.51131797,correct
3894,0.7612879,correct
3895,0.62150216,correct
3896,0.76180553,correct
3897,1.0435746,correct
3898,653.6914,incorrect
3899,0.51738155,correct
3900,0.6024439,correct
3901,0.866374,correct
3902,0.33009157,correct
3903,0.9205729,correct
3904,0.49760532,correct
3905,0.51493,correct
3906,1.021703,correct
3907,0.32018673,correct
3908,1.2764329,correct
3909,775.5035,incorrect
3910,0.4151284,correct
3911,0.36305648,correct
3912,0.4547981,correct
3913,0.88986146,correct
3914,0.5174175,correct
3915,1.4100666,correct
3916,0.74785715,correct
3917,0.5986252,correct
3918,0.3496571,correct
3919,0.7478728,correct
3920,0.5977485,correct
3921,0.63024765,correct
3922,0.31357706,correct
3923,0.38748395,correct
3924,1.9668913,correct
3925,0.32001358,correct
3926,0.5326707,correct
3927,1.057251,correct
3928,0.29052293,correct
3929,0.8084699,correct
3930,0.49114823,correct
3931,0.36974397,correct
3932,0.23410907,correct
3933,0.4348346,correct
3934,0.7488849,correct
3935,0.64470994,correct
3936,1.8714833,correct
3937,0.64830077,correct
3938,0.9139721,correct
3939,0.51408017,correct
3940,1.244353,correct
3941,0.35088253,correct
3942,0.25239798,correct
3943,0.21478075,correct
3944,0.55844676,correct
3945,1.4216745,correct
3946,2.7357862,correct
3947,1.5280567,correct
3948,0.470514,correct
3949,0.48844284,correct
3950,0.89779794,correct
3951,0.18894592,correct
3952,0.6349487,correct
3953,0.59495735,correct
3954,0.3390712,correct
3955,422.01764,incorrect
3956,1.0293174,correct
3957,0.7058753,correct
3958,0.6228378,correct
3959,0.8191211,correct
3960,0.5672381,correct
3961,0.58787835,correct
3962,0.54648405,correct
3963,1.0184917,correct
3964,0.1927383,correct
3965,0.46488026,correct
3966,0.97521985,correct
3967,0.5848547,correct
3968,0.7448913,correct
3969,0.3058018,correct
3970,1.0024428,correct
3971,0.5642494,correct
3972,0.4636501,correct
3973,0.27131352,correct
3974,0.25990784,correct
3975,0.7224138,correct
3976,0.76855874,correct
3977,0.42843395,correct
3978,0.3285611,correct
3979,0.60935473,correct
3980,0.746245,correct
3981,0.61571133,correct
3982,0.7549614,correct
3983,0.39824396,correct
3984,0.35021365,correct
3985,0.88201267,correct
3986,0.41827607,correct
3987,1.8135419,correct
3988,1.9614346,correct
3989,0.4303645,correct
3990,0.8632516,correct
3991,0.6042711,correct
3992,0.29992032,correct
3993,3283.0122,incorrect
3994,0.6411569,correct
3995,2187.442,incorrect
3996,0.68230623,correct
3997,0.55225897,correct
3998,0.40177518,correct
3999,0.7708606,correct
4000,0.4309052,correct
